sampleID,BearID,pubname,year.sampled,year,bearyear.sampled,bearyear,sex,birth,age,repro,C13,N15,trophicpos,mass,headcirc,capturedate,Cmonth,cort.kit,cortisol,cortisol.kitcorrected,C13.suess,condition,fYEAR,fAGE
48,W9310,Sari,1996,1995,W9310_1996,W9310_1995,F,1992,4,SolitaryF,-22.39,4.68,2.85,85,59,35165,4,1,1.44,3.0612,-22.83,1.440677966,1995,4
44,W9208,Barka,1996,1995,W9208_1996,W9208_1995,F,1991,5,SolitaryF,-22.02,4.58,2.82,101,61.5,35166,4,1,1.92,3.5316,-22.46,1.642276423,1995,5
63,W9602,Myra,1996,1995,W9602_1996,W9602_1995,F,1995,1,WithMother,-22.48,4.86,2.9,18,39,35167,4,1,2.8,4.394,-22.92,0.461538462,1995,1
46,W9307,Tippa,1996,1995,W9307_1996,W9307_1995,F,1992,4,SolitaryF,-22.39,4.47,2.79,70,55,35168,4,1,2.13,3.7374,-22.83,1.272727273,1995,4
37,W8811,Mossihonan,1996,1995,W8811_1996,W8811_1995,F,1978,18,WithCubs,-22.18,4.69,2.85,102,64,35174,4,1,3.57,5.1486,-22.62,1.59375,1995,18
64,W9603,Mossi_k4:1,1996,1995,W9603_1996,W9603_1995,M,1995,1,WithMother,-22.69,5.11,2.97,26.5,41,35174,4,1,2.65,4.247,-23.13,0.646341463,1995,1
41,W9008,Rensjöhonan,1996,1995,W9008_1996,W9008_1995,F,1986,10,WithCubs,-23.01,3.26,2.43,95,60,35175,4,1,3.06,4.6488,-23.45,1.583333333,1995,10
43,W9207,Koska,1996,1995,W9207_1996,W9207_1995,F,1991,5,WithCubs,-23,3.54,2.51,76,56,35175,4,1,3,4.59,-23.44,1.357142857,1995,5
52,W9404,Börrine,1996,1995,W9404_1996,W9404_1995,F,1993,3,SolitaryF,-22.23,3.73,2.57,68,53,35175,4,1,1.52,3.1396,-22.67,1.283018868,1995,3
66,W9606,Koska_k1:1,1996,1995,W9606_1996,W9606_1995,F,1995,1,WithMother,-23.22,4.67,2.84,21,41,35175,4,1,2.92,4.5116,-23.66,0.512195122,1995,1
67,W9607,Koska_k1:2,1996,1995,W9607_1996,W9607_1995,F,1995,1,WithMother,-23.12,4.54,2.81,21,40,35175,4,1,2.73,4.3254,-23.56,0.525,1995,1
68,W9608,Granfjällbjörn,1996,1995,W9608_1996,W9608_1995,M,1995,1,WithMother,-23.31,3.79,2.59,24,40,35175,4,1,3.25,4.835,-23.75,0.6,1995,1
69,W9609,Syndalsbjörn,1996,1995,W9609_1996,W9609_1995,M,1995,1,WithMother,-23.17,3.87,2.61,23,40,35175,4,1,3.55,5.129,-23.61,0.575,1995,1
70,W9610,Öjskogsbjörn,1996,1995,W9610_1996,W9610_1995,M,1995,1,WithMother,-23.15,3.99,2.64,26,42,35175,4,1,4.11,5.6778,-23.59,0.619047619,1995,1
36,W8808,Noppihonan,1996,1995,W8808_1996,W8808_1995,F,1981,15,WithCubs,-22.55,3.92,2.62,94,62,35176,4,1,3.07,4.6586,-22.99,1.516129032,1995,15
71,W9612,Hauku,1996,1995,W9612_1996,W9612_1995,M,1995,1,WithMother,-22.72,4.8,2.88,28,43,35176,4,1,2.54,4.1392,-23.16,0.651162791,1995,1
72,W9613,Tikka,1996,1995,W9613_1996,W9613_1995,F,1995,1,WithMother,-22.93,4.44,2.78,26,43,35176,4,1,3.96,5.5308,-23.37,0.604651163,1995,1
38,W8905,Björnbergshonan,1996,1995,W8905_1996,W8905_1995,F,1987,9,WithCubs,-22.22,4.29,2.73,85,59,35177,4,1,2.78,4.3744,-22.66,1.440677966,1995,9
57,W9507,Riga,1996,1995,W9507_1996,W9507_1995,F,1994,2,SolitaryF,-22.76,3.64,2.54,28,42,35177,4,1,3.36,4.9428,-23.2,0.666666667,1995,2
73,W9614,Vässin,1996,1995,W9614_1996,W9614_1995,M,1995,1,WithMother,-22.43,4.83,2.89,25,40,35177,4,1,3.4,4.982,-22.87,0.625,1995,1
74,W9615,Keiko,1996,1995,W9615_1996,W9615_1995,F,1995,1,WithMother,-22.51,4.48,2.79,21,39.5,35177,4,1,4.2,5.766,-22.95,0.53164557,1995,1
51,W9403,Grivla,1996,1995,W9403_1996,W9403_1995,F,1993,3,SolitaryF,-22.69,3.96,2.64,52,50,35178,4,1,1.99,3.6002,-23.13,1.04,1995,3
55,W9504,Donna,1996,1995,W9504_1996,W9504_1995,F,1994,2,SolitaryF,-22.36,4.52,2.8,35,46.5,35187,5,1,2.15,3.757,-22.8,0.752688172,1995,2
47,W9308,Järva,1996,1995,W9308_1996,W9308_1995,F,1988,8,SolitaryF,-22.15,5.17,2.99,109,63,35254,7,1,1.08,2.7084,-22.59,1.73015873,1995,8
45,W9306,Ava,1996,1995,W9306_1996,W9306_1995,F,1992,4,SolitaryF,-22.18,4.36,2.75,90,58,35255,7,1,0.88,2.5124,-22.62,1.551724138,1995,4
61,W9511,Riita,1996,1995,W9511_1996,W9511_1995,F,1985,11,SolitaryF,-22.06,4.23,2.71,99,62,35255,7,1,1.09,2.7182,-22.5,1.596774194,1995,11
12,W9307,Tippa,1997,1996,W9307_1997,W9307_1996,F,1992,5,SolitaryF,-22.7,4.79,2.88,63,57,35528,4,1,2.03,3.6394,-23.118,1.105263158,1996,5
6,W8906,Tunturihonan,1997,1996,W8906_1997,W8906_1996,F,1981,16,WithCubs,-22.63,4.44,2.78,118,65,35535,4,1,2.01,3.6198,-23.048,1.815384615,1996,16
16,W9403,Grivla,1997,1996,W9403_1997,W9403_1996,F,1993,4,SolitaryF,-22.14,4.55,2.81,77,54,35535,4,1,0.55,2.189,-22.558,1.425925926,1996,4
30,W9701,Bjoke,1997,1996,W9701_1997,W9701_1996,M,1996,1,WithMother,-23,4.77,2.87,35.5,39,35535,4,1,3.58,5.1584,-23.418,0.91025641,1996,1
31,W9702,Grane,1997,1996,W9702_1997,W9702_1996,M,1996,1,WithMother,-23.01,4.88,2.91,35,40,35535,4,1,2.94,4.5312,-23.428,0.875,1996,1
4,W8904,Täxåshonan,1997,1996,W8904_1997,W8904_1996,F,1987,10,WithCubs,-22.63,5.13,2.98,100,62,35536,4,1,1.95,3.561,-23.048,1.612903226,1996,10
7,W9003,Jöllmyrshonan,1997,1996,W9003_1997,W9003_1996,F,1989,8,WithCubs,-22.31,5.03,2.95,103,59,35536,4,1,2.03,3.6394,-22.728,1.745762712,1996,8
24,W9601,Jölla,1997,1996,W9601_1997,W9601_1996,F,1995,2,SolitaryF,-22.21,5.13,2.98,41,46,35536,4,1,1.37,2.9926,-22.628,0.891304348,1996,2
25,W9602,Myra,1997,1996,W9602_1997,W9602_1996,F,1995,2,SolitaryF,-21.86,5.12,2.98,45,45,35536,4,1,0.67,2.3066,-22.278,1,1996,2
32,W9703,Tekla,1997,1996,W9703_1997,W9703_1996,F,1996,1,WithMother,-22.19,5.85,3.19,37,43,35536,4,1,2.14,3.7472,-22.608,0.860465116,1996,1
11,W9208,Barka,1997,1996,W9208_1997,W9208_1996,F,1991,6,WithCubs,-22.44,5.37,3.05,99,59,35537,4,1,2.03,3.6394,-22.858,1.677966102,1996,6
33,W9704,Bamse,1997,1996,W9704_1997,W9704_1996,M,1996,1,WithMother,-22.61,5.66,3.14,43,45,35537,4,1,2.01,3.6198,-23.028,0.955555556,1996,1
34,W9705,Björe,1997,1996,W9705_1997,W9705_1996,M,1996,1,WithMother,-22.43,5.52,3.09,34,43.5,35537,4,1,1.22,2.8456,-22.848,0.781609195,1996,1
3,W8811,Mossihonan,1997,1996,W8811_1997,W8811_1996,F,1978,19,WithCubs,-22.17,4.99,2.94,104,62,35548,4,1,1.9,3.512,-22.588,1.677419355,1996,19
8,W9101,Griffel,1997,1996,W9101_1997,W9101_1996,F,1990,7,SolitaryF,-22.38,4.66,2.84,80,55,35548,4,1,0.65,2.287,-22.798,1.454545455,1996,7
26,W9605,Pila,1997,1996,W9605_1997,W9605_1996,F,1995,2,WithMother,-21.92,4.81,2.89,53,47,35548,4,1,0.68,2.3164,-22.338,1.127659574,1996,2
21,W9507,Riga,1997,1996,W9507_1997,W9507_1996,F,1994,3,SolitaryF,-22.3,4.36,2.75,43,44,35549,4,1,1.62,3.2376,-22.718,0.977272727,1996,3
5,W8905,Björnbergshonan,1997,1996,W8905_1997,W8905_1996,F,1987,10,SolitaryF,-22.44,4.98,2.94,90,58,35611,6,1,0.77,2.4046,-22.858,1.551724138,1996,10
17,W9404,Börrine,1997,1996,W9404_1997,W9404_1996,F,1993,4,SolitaryF,-22.45,4.23,2.71,83.5,56,35611,6,1,1.04,2.6692,-22.868,1.491071429,1996,4
18,W9504,Donna,1997,1996,W9504_1997,W9504_1996,F,1994,3,SolitaryF,-22.38,4.8,2.88,76,NA,35611,6,1,1.83,3.4434,-22.798,NA,1996,3
2,W8808,Noppihonan,1997,1996,W8808_1997,W8808_1996,F,1981,16,SolitaryF,-22.34,4.19,2.7,111,62,35612,7,1,0.73,2.3654,-22.758,1.790322581,1996,16
15,W9402,Kanga,1997,1996,W9402_1997,W9402_1996,F,1993,4,SolitaryF,-22.35,5.73,3.16,79,55,35612,7,1,0.68,2.3164,-22.768,1.436363636,1996,4
136,W9601,Jölla,1998,1997,W9601_1998,W9601_1997,F,1995,3,SolitaryF,-22.59,4.87,2.9,72,54,35893,4,1,1.47,3.0906,-22.986,1.333333333,1997,3
125,W9101,Griffel,1998,1997,W9101_1998,W9101_1997,F,1990,8,WithCubs,-22.81,4.09,2.67,95,62,35899,4,1,2.03,3.6394,-23.206,1.532258065,1997,8
144,W9801,Lohos,1998,1997,W9801_1998,W9801_1997,M,1997,1,WithMother,-22.86,4.63,2.83,25.5,41,35899,4,1,2.75,4.345,-23.256,0.62195122,1997,1
124,W9008,Rensjöhonan,1998,1997,W9008_1998,W9008_1997,F,1986,12,WithCubs,-22.96,3.92,2.62,102,62,35900,4,1,2.03,3.6394,-23.356,1.64516129,1997,12
130,W9310,Sari,1998,1997,W9310_1998,W9310_1997,F,1992,6,WithCubs,-22.15,3.99,2.64,90,62,35900,4,1,1.75,3.365,-22.546,1.451612903,1997,6
146,W9803,Nita,1998,1997,W9803_1998,W9803_1997,F,1997,1,WithMother,-22.48,5.23,3.01,28,43,35900,4,1,2.04,3.6492,-22.876,0.651162791,1997,1
147,W9804,Borregaard,1998,1997,W9804_1998,W9804_1997,F,1997,1,WithMother,-22.77,4.81,2.89,27,43,35900,4,1,2.58,4.1784,-23.166,0.627906977,1997,1
148,W9805,Rensjö_k5:2,1998,1997,W9805_1998,W9805_1997,F,1997,1,WithMother,-22.82,4.8,2.88,25,40,35900,4,1,3.1,4.688,-23.216,0.625,1997,1
128,W9306,Ava,1998,1997,W9306_1998,W9306_1997,F,1992,6,WithCubs,-22.49,3.8,2.59,84,58,35903,4,1,1.7,3.316,-22.886,1.448275862,1997,6
150,W9808,Eja,1998,1997,W9808_1998,W9808_1997,F,1997,1,WithMother,-22.83,4.51,2.8,24,42,35903,4,1,3.06,4.6488,-23.226,0.571428571,1997,1
151,W9809,Åmyn,1998,1997,W9809_1998,W9809_1997,M,1997,1,WithMother,-22.77,4.38,2.76,25,43,35903,4,1,2.47,4.0706,-23.166,0.581395349,1997,1
129,W9308,Järva,1998,1997,W9308_1998,W9308_1997,F,1988,10,WithCubs,-22.29,4.26,2.72,95,63,35912,4,1,2.64,4.2372,-22.686,1.507936508,1997,10
134,W9507,Riga,1998,1997,W9507_1998,W9507_1997,F,1994,4,SolitaryF,-22.33,4.37,2.76,65,54,35912,4,1,1.14,2.7672,-22.726,1.203703704,1997,4
137,W9605,Pila,1998,1997,W9605_1998,W9605_1997,F,1995,3,SolitaryF,-21.7,6.16,3.28,64,57,35912,4,1,0.8,2.434,-22.096,1.122807018,1997,3
153,W9812,Moa,1998,1997,W9812_1998,W9812_1997,F,1997,1,WithMother,-22.71,4.94,2.92,20,42,35912,4,1,1.95,3.561,-23.106,0.476190476,1997,1
154,W9812,Moa,1998,1997,W9812_1998,W9812_1997,F,1997,1,WithMother,-22.16,4.6,2.82,20,42,35912,4,1,3.79,5.3642,-22.556,0.476190476,1997,1
155,W9813,Amos,1998,1997,W9813_1998,W9813_1997,M,1997,1,WithMother,-22.28,5.29,3.03,29,44,35912,4,1,2.63,4.2274,-22.676,0.659090909,1997,1
156,W9814,Bella,1998,1997,W9814_1998,W9814_1997,F,1997,1,WithMother,-22.3,5.3,3.03,23,42,35912,4,1,2.63,4.2274,-22.696,0.547619048,1997,1
170,W9902,Torpa,1999,1998,W9902_1999,W9902_1998,F,1998,1,WithMother,-22.5,5.94,3.22,45,46,36260,4,1,1.62,3.2376,-22.874,0.97826087,1998,1
167,W9806,Femma,1999,1998,W9806_1999,W9806_1998,F,1996,3,SolitaryF,-22.25,4.54,2.81,62,54,36261,4,1,2.94,4.5312,-22.624,1.148148148,1998,3
160,W9003,Jöllmyrshonan,1999,1998,W9003_1999,W9003_1998,F,1989,10,WithCubs,-22.56,4.41,2.77,104,61,36262,4,1,1.88,3.4924,-22.934,1.704918033,1998,10
164,W9507,Riga,1999,1998,W9507_1999,W9507_1998,F,1994,5,SolitaryF,-22.07,4.74,2.86,82,59,36262,4,1,1.77,3.3846,-22.444,1.389830508,1998,5
173,W9904,Flena,1999,1998,W9904_1999,W9904_1998,F,1994,5,WithCubs,-21.7,5.21,3,111,60,36262,4,1,1.22,2.8456,-22.074,1.85,1998,5
174,W9905,Våna,1999,1998,W9905_1999,W9905_1998,F,1998,1,WithMother,-21.32,7.33,3.63,26,41,36262,4,1,1.39,3.0122,-21.694,0.634146341,1998,1
175,W9907,Jöllmyr_k3:1,1999,1998,W9907_1999,W9907_1998,M,1998,1,WithMother,-22.11,4.86,2.9,29,42,36262,4,1,1.39,3.0122,-22.484,0.69047619,1998,1
176,W9908,Sussi,1999,1998,W9908_1999,W9908_1998,F,1998,1,WithMother,-22.4,4.69,2.85,23,41.5,36262,4,1,2.53,4.1294,-22.774,0.554216867,1998,1
157,W8808,Noppihonan,1999,1998,W8808_1999,W8808_1998,F,1981,18,WithCubs,-22.4,4.21,2.71,90,61,36269,4,1,3.49,5.0702,-22.774,1.475409836,1998,18
178,W9911,Sika,1999,1998,W9911_1999,W9911_1998,F,1998,1,WithMother,-22.62,4.92,2.92,22.5,38,36269,4,1,2.83,4.4234,-22.994,0.592105263,1998,1
179,W9912,Noppi_k7:3,1999,1998,W9912_1999,W9912_1998,F,1998,1,WithMother,-22.51,4.79,2.88,21,39,36269,4,1,2.71,4.3058,-22.884,0.538461538,1998,1
162,W9404,Börrine,1999,1998,W9404_1999,W9404_1998,F,1993,6,WithCubs,-22.58,4.05,2.66,89,57,36270,4,1,2.73,4.3254,-22.954,1.561403509,1998,6
180,W9913,Strandli,1999,1998,W9913_1999,W9913_1998,F,1998,1,WithMother,-22.6,4.34,2.75,23,40,36270,4,1,2.57,4.1686,-22.974,0.575,1998,1
181,W9914,Gira,1999,1998,W9914_1999,W9914_1998,F,1998,1,WithMother,-22.45,4.67,2.84,22,41,36270,4,1,2.66,4.2568,-22.824,0.536585366,1998,1
182,W9915,Börrine_k3:3,1999,1998,W9915_1999,W9915_1998,M,1998,1,WithMother,-22.53,4.31,2.74,26,42,36270,4,1,1.66,3.2768,-22.904,0.619047619,1998,1
159,W8906,Tunturihonan,1999,1998,W8906_1999,W8906_1998,F,1981,18,WithCubs,-22.48,4.82,2.89,110,66,36271,4,1,2.74,4.3352,-22.854,1.666666667,1998,18
185,W9918,Ajto,1999,1998,W9918_1999,W9918_1998,M,1998,1,WithMother,-22.36,5.1,2.97,26,41,36271,4,1,2.52,4.1196,-22.734,0.634146341,1998,1
186,W9919,Milla,1999,1998,W9919_1999,W9919_1998,F,1998,1,WithMother,-22.41,5.26,3.02,22,40,36271,4,1,2.64,4.2372,-22.784,0.55,1998,1
187,W9920,Alan,1999,1998,W9920_1999,W9920_1998,M,1998,1,WithMother,-22.41,5.07,2.96,23,40,36271,4,1,1.95,3.561,-22.784,0.575,1998,1
158,W8811,Mossihonan,1999,1998,W8811_1999,W8811_1998,F,1978,21,SolitaryF,-22.23,6.1,3.26,140,64,36273,4,1,1.8,3.414,-22.604,2.1875,1998,21
177,W9910,Hinsa,1999,1998,W9910_1999,W9910_1998,F,1998,1,WithMother,-22.47,5,2.94,27,50,36338,6,1,2.78,4.3744,-22.844,0.54,1998,1
234,W0004,Öda,2000,1999,W0004_2000,W0004_1999,F,1994,6,WithCubs,-22.3,4.62,2.83,95,59,36626,4,1,3.43,5.0114,-22.652,1.610169492,1999,6
235,W0005,Öda_k1:1,2000,1999,W0005_2000,W0005_1999,M,1999,1,WithMother,-22.47,5.44,3.07,45,46,36626,4,1,2.77,4.3646,-22.822,0.97826087,1999,1
236,W0006,Sari_k2:1,2000,1999,W0006_2000,W0006_1999,M,1999,1,WithMother,-22.76,4.73,2.86,32,40,36630,4,1,3.73,5.3054,-23.112,0.8,1999,1
237,W0007,Sari_k2:2,2000,1999,W0007_2000,W0007_1999,M,1999,1,WithMother,-22.75,4.76,2.87,38,43,36630,4,1,2.98,4.5704,-23.102,0.88372093,1999,1
189,W0008,Vana,2000,1999,W0008_2000,W0008_1999,F,1999,1,WithMother,-22.93,4.65,2.84,32,40,36630,4,1,2.56,4.1588,-23.282,0.8,1999,1
190,W0009,Binna_k1:1,2000,1999,W0009_2000,W0009_1999,M,1999,1,WithMother,-22.72,5.83,3.19,37,39.5,36630,4,1,2.19,3.7962,-23.072,0.936708861,1999,1
220,W9310,Sari,2000,1999,W9310_2000,W9310_1999,F,1992,8,WithCubs,-22.55,3.87,2.61,100,60,36630,4,1,2.72,4.3156,-22.902,1.666666667,1999,8
222,W9502,Binna,2000,1999,W9502_2000,W9502_1999,F,1994,6,WithCubs,-22.44,4.97,2.93,104,63,36630,4,1,2.27,3.8746,-22.792,1.650793651,1999,6
200,W0010,Hirva,2000,1999,W0010_2000,W0010_1999,F,1999,1,WithMother,-22.8,5.23,3.01,30,38.5,36631,4,1,2.54,4.1392,-23.152,0.779220779,1999,1
201,W0011,Grivla_k1:2,2000,1999,W0011_2000,W0011_1999,M,1999,1,WithMother,-22.81,5.21,3,32,39,36631,4,1,2.19,3.7962,-23.162,0.820512821,1999,1
221,W9403,Grivla,2000,1999,W9403_2000,W9403_1999,F,1993,7,WithCubs,-22.28,4.89,2.91,102,58,36631,4,1,2.34,3.9432,-22.632,1.75862069,1999,7
204,W0014,Täxås_k6:1,2000,1999,W0014_2000,W0014_1999,M,1999,1,WithMother,-22.67,5.84,3.19,42,45,36632,4,1,1.88,3.4924,-23.022,0.933333333,1999,1
215,W8904,Täxåshonan,2000,1999,W8904_2000,W8904_1999,F,1987,13,WithCubs,-22.42,5.17,2.99,107,60,36632,4,1,2.44,4.0412,-22.772,1.783333333,1999,13
205,W0015,Tälla,2000,1999,W0015_2000,W0015_1999,F,1999,1,WithMother,-22.59,5.72,3.15,36,41.5,36633,4,1,1.82,3.4336,-22.942,0.86746988,1999,1
224,W9806,Femma,2000,1999,W9806_2000,W9806_1999,F,1996,4,SolitaryF,-22.19,4.86,2.9,NA,58,36633,4,1,8.37,9.8526,-22.542,NA,1999,4
207,W0017,Kataja,2000,1999,W0017_2000,W0017_1999,M,1999,1,WithMother,-22.87,5.05,2.96,30,38,36643,4,1,2.19,3.7962,-23.222,0.789473684,1999,1
219,W9307,Tippa,2000,1999,W9307_2000,W9307_1999,F,1992,8,WithCubs,-22.55,4.77,2.87,89,59,36643,4,1,3.29,4.8742,-22.902,1.508474576,1999,8
208,W0018,Tuva,2000,1999,W0018_2000,W0018_1999,F,1999,1,WithMother,-22.64,5.75,3.16,27,38,36644,4,1,2.32,3.9236,-22.992,0.710526316,1999,1
209,W0019,Leta,2000,1999,W0019_2000,W0019_1999,F,1999,1,WithMother,-22.52,5.66,3.14,24,37,36644,4,1,2.12,3.7276,-22.872,0.648648649,1999,1
210,W0020,Spana,2000,1999,W0020_2000,W0020_1999,F,1999,1,WithMother,-22.6,5.69,3.14,24,36,36644,4,1,3.35,4.933,-22.952,0.666666667,1999,1
834,W0021,Tangå,2000,1999,W0021_2000,W0021_1999,F,1999,1,WithMother,-22.9,4.6,2.82,30,40,36644,4,2,7.45,7.45,-23.252,0.75,1999,1
835,W0022,Rensjö_k6:2,2000,1999,W0022_2000,W0022_1999,M,1999,1,WithMother,-22.7,4.67,2.84,30,39,36644,4,2,12.57,12.57,-23.052,0.769230769,1999,1
836,W0023,Rensjö_k6:3,2000,1999,W0023_2000,W0023_1999,M,1999,1,WithMother,-22.91,4.71,2.86,28,38,36644,4,2,5.7,5.7,-23.262,0.736842105,1999,1
211,W0024,Mossi_k5:1,2000,1999,W0024_2000,W0024_1999,M,1999,1,WithMother,-22.41,5.4,3.06,36,42,36644,4,1,2.63,4.2274,-22.762,0.857142857,1999,1
833,W9008,Rensjöhonan,2000,1999,W9008_2000,W9008_1999,F,1986,14,WithCubs,-22.9,3.92,2.62,111,61,36644,4,2,5.42,5.42,-23.252,1.819672131,1999,14
223,W9504,Donna,2000,1999,W9504_2000,W9504_1999,F,1994,6,WithCubs,-22.39,4.99,2.94,82,57,36644,4,1,3.1,4.688,-22.742,1.438596491,1999,6
225,W9812,Moa,2000,1999,W9812_2000,W9812_1999,F,1997,3,SolitaryF,-22.25,5.34,3.04,63,55,36690,6,1,2.26,3.8648,-22.602,1.145454545,1999,3
227,W9908,Sussi,2000,1999,W9908_2000,W9908_1999,F,1998,2,SolitaryF,-22.16,4.46,2.78,51,49,36690,6,1,1.68,3.2964,-22.512,1.040816327,1999,2
212,W0025,Brinda,2000,1999,W0025_2000,W0025_1999,F,1999,1,WithMother,-22.42,5.49,3.09,52,54,36759,8,1,2.6,4.198,-22.772,0.962962963,1999,1
257,W0104,Abborrgina,2001,2000,W0104_2001,W0104_2000,F,2000,1,WithMother,-22.48,5.21,3,34,45,36998,4,1,2.53,4.1294,-22.81,0.755555556,2000,1
258,W0105,Abborra,2001,2000,W0105_2001,W0105_2000,F,2000,1,WithMother,-22.46,5.72,3.15,35,45,36998,4,1,1.79,3.4042,-22.79,0.777777778,2000,1
259,W0106,Stubba_k2:3,2001,2000,W0106_2001,W0106_2000,M,2000,1,WithMother,-22.63,5.57,3.11,26.5,42.5,36998,4,1,2.74,4.3352,-22.96,0.623529412,2000,1
260,W0107,Akita,2001,2000,W0107_2001,W0107_2000,F,2000,1,WithMother,-22.36,5.49,3.09,28.5,44,36999,4,1,2.1,3.708,-22.69,0.647727273,2000,1
239,W9003,Jöllmyrshonan,2001,2000,W9003_2001,W9003_2000,F,1989,12,WithCubs,-22.58,5.1,2.97,112,62,36999,4,1,1.74,3.3552,-22.91,1.806451613,2000,12
838,W0112,Griffel_k4:1,2001,2000,W0112_2001,W0112_2000,M,2000,1,WithMother,-22.45,4.93,2.92,22,40,37006,4,2,8.83,8.83,-22.78,0.55,2000,1
839,W0113,Griffel_k4:2,2001,2000,W0113_2001,W0113_2000,M,2000,1,WithMother,-22.75,4.79,2.88,20,39,37006,4,2,10.46,10.46,-23.08,0.512820513,2000,1
840,W0114,Griffel_k4:3,2001,2000,W0114_2001,W0114_2000,M,2000,1,WithMother,-22.69,4.64,2.84,19,38,37006,4,2,11.02,11.02,-23.02,0.5,2000,1
247,W0115,Tunturi_k6:1,2001,2000,W0115_2001,W0115_2000,M,2000,1,WithMother,-22.78,4.4,2.76,26,41,37006,4,1,2.13,3.7374,-23.11,0.634146341,2000,1
248,W0116,Tunturi_k6:2,2001,2000,W0116_2001,W0116_2000,M,2000,1,WithMother,-22.92,5.34,3.04,28,42,37006,4,1,2.63,4.2274,-23.25,0.666666667,2000,1
249,W0117,Delåsa,2001,2000,W0117_2001,W0117_2000,F,2000,1,WithMother,-21.62,5.64,3.13,18,39,37006,4,1,3.39,4.9722,-21.95,0.461538462,2000,1
238,W8906,Tunturihonan,2001,2000,W8906_2001,W8906_2000,F,1981,20,WithCubs,-22.38,4.72,2.86,125,69,37006,4,1,1.76,3.3748,-22.71,1.811594203,2000,20
837,W9101,Griffel,2001,2000,W9101_2001,W9101_2000,F,1990,11,WithCubs,-22.51,4.29,2.73,93,61,37006,4,2,9.62,9.62,-22.84,1.524590164,2000,11
250,W0118,Noppi_k8:1,2001,2000,W0118_2001,W0118_2000,M,2000,1,WithMother,-22.71,4.88,2.91,22,39.5,37008,4,1,3.57,5.1486,-23.04,0.556962025,2000,1
251,W0119,Noppi_k8:2,2001,2000,W0119_2001,W0119_2000,M,2000,1,WithMother,-22.65,4.86,2.9,26,39.5,37008,4,1,3.35,4.933,-22.98,0.658227848,2000,1
243,W9804,Borregaard,2001,2000,W9804_2001,W9804_2000,F,1997,4,SolitaryF,-22.31,4.3,2.74,71,54.5,37008,4,1,2.94,4.5312,-22.64,1.302752294,2000,4
245,W9814,Bella,2001,2000,W9814_2001,W9814_2000,F,1997,4,SolitaryF,-22.47,4.57,2.81,67,54,37008,4,1,2.73,4.3254,-22.8,1.240740741,2000,4
266,W9007,Rassakuhonan,2002,2001,W9007_2002,W9007_2001,F,1986,16,WithCubs,-22.55,4.25,2.72,90,62,37364,4,1,3.86,5.4328,-22.858,1.451612903,2001,16
286,W0120,Rådlösa,2002,2001,W0120_2002,W0120_2001,F,1999,3,SolitaryF,-22.72,4.12,2.68,58,52,37365,4,1,2.29,3.8942,-23.028,1.115384615,2001,3
291,W0205,Blecka,2002,2001,W0205_2002,W0205_2001,F,2001,1,WithMother,-22.75,5.06,2.96,18,38,37365,4,1,3.23,4.8154,-23.058,0.473684211,2001,1
292,W0206,Binna_k2:2,2002,2001,W0206_2002,W0206_2001,M,2001,1,WithMother,-22.68,4.91,2.91,21,39,37365,4,1,4.36,5.9228,-22.988,0.538461538,2001,1
293,W0207,Binna_k2:3,2002,2001,W0207_2002,W0207_2001,M,2001,1,WithMother,-22.58,5.19,3,26,42,37365,4,1,3.1,4.688,-22.888,0.619047619,2001,1
272,W9502,Binna,2002,2001,W9502_2002,W9502_2001,F,1994,8,WithCubs,-22.86,4.2,2.71,88,62,37365,4,1,5.88,7.4124,-23.168,1.419354839,2001,8
285,W0109,Loma,2002,2001,W0109_2002,W0109_2001,F,1994,8,WithCubs,-22.44,3.81,2.59,76,57,37366,4,1,3.26,4.8448,-22.748,1.333333333,2001,8
294,W0208,Snotta,2002,2001,W0208_2002,W0208_2001,F,2001,1,WithMother,-22.63,3.9,2.62,17,38,37366,4,1,3.84,5.4132,-22.938,0.447368421,2001,1
295,W0209,Lanna,2002,2001,W0209_2002,W0209_2001,F,2001,1,WithMother,-22.53,4.3,2.74,16,37,37366,4,1,4.11,5.6778,-22.838,0.432432432,2001,1
296,W0210,Tippa_k5:2,2002,2001,W0210_2002,W0210_2001,M,2001,1,WithMother,-22.66,5.24,3.01,20,40,37366,4,1,4.38,5.9424,-22.968,0.5,2001,1
297,W0211,Tippa_k5:3,2002,2001,W0211_2002,W0211_2001,M,2001,1,WithMother,-22.57,5.19,3,18.5,38,37366,4,1,3.74,5.3152,-22.878,0.486842105,2001,1
298,W0212,Salma,2002,2001,W0212_2002,W0212_2001,F,2001,1,WithMother,-22.56,5.4,3.06,17,38,37366,4,1,3.91,5.4818,-22.868,0.447368421,2001,1
269,W9307,Tippa,2002,2001,W9307_2002,W9307_2001,F,1992,10,WithCubs,-22.7,4.59,2.82,89,59,37366,4,1,5.31,6.8538,-23.008,1.508474576,2001,10
280,W0004,Öda,2002,2001,W0004_2002,W0004_2001,F,1994,8,WithCubs,-22.42,4.27,2.73,86,60,37368,4,1,3.72,5.2956,-22.728,1.433333333,2001,8
299,W0213,Öda_k2:2,2002,2001,W0213_2002,W0213_2001,M,2001,1,WithMother,-22.67,4.69,2.85,24,42.5,37368,4,1,3.8,5.374,-22.978,0.564705882,2001,1
300,W0214,Jäska,2002,2001,W0214_2002,W0214_2001,F,2001,1,WithMother,-22.73,4.72,2.86,27,41.5,37368,4,1,3.74,5.3152,-23.038,0.65060241,2001,1
270,W9403,Grivla,2002,2001,W9403_2002,W9403_2001,F,1993,9,WithCubs,-22.44,4.47,2.79,80,58,37368,4,1,4.12,5.6876,-22.748,1.379310345,2001,9
301,W0215,Grivla_k2:1,2002,2001,W0215_2002,W0215_2001,M,2001,1,WithMother,-22.63,5.1,2.97,14,37,37369,4,1,3.6,5.178,-22.938,0.378378378,2001,1
302,W0216,Grivla_k2:2,2002,2001,W0216_2002,W0216_2001,M,2001,1,WithMother,-22.79,4.67,2.84,15,NA,37369,4,1,4.29,5.8542,-23.098,NA,2001,1
303,W0217,Silina,2002,2001,W0217_2002,W0217_2001,F,2001,1,WithMother,-22.66,4.72,2.86,10,35.5,37369,4,1,3.94,5.5112,-22.968,0.281690141,2001,1
305,W0219,Ljöra,2002,2001,W0219_2002,W0219_2001,F,2001,1,WithMother,-22.92,4.73,2.86,24,42,37370,4,1,3.62,5.1976,-23.228,0.571428571,2001,1
306,W0220,Rensjö_k6:2,2002,2001,W0220_2002,W0220_2001,M,2001,1,WithMother,-22.95,4.59,2.82,25,40,37370,4,1,4.06,5.6288,-23.258,0.625,2001,1
307,W0221,Faksa,2002,2001,W0221_2002,W0221_2001,F,2001,1,WithMother,-22.87,4.46,2.78,23,40,37370,4,1,3.62,5.1976,-23.178,0.575,2001,1
308,W0222,Börre,2002,2001,W0222_2002,W0222_2001,M,2001,1,WithMother,-22.84,4.42,2.77,23,41.5,37370,4,1,4.69,6.2462,-23.148,0.554216867,2001,1
309,W0223,Hölja,2002,2001,W0223_2002,W0223_2001,F,2001,1,WithMother,-22.73,4.7,2.85,21,40,37370,4,1,4.47,6.0306,-23.038,0.525,2001,1
267,W9008,Rensjöhonan,2002,2001,W9008_2002,W9008_2001,F,1986,16,WithCubs,-23.07,3.99,2.64,96,63,37370,4,1,3.72,5.2956,-23.378,1.523809524,2001,16
271,W9404,Börrine,2002,2001,W9404_2002,W9404_2001,F,1993,9,WithCubs,-22.88,4.11,2.68,104,64,37370,4,1,2.62,4.2176,-23.188,1.625,2001,9
276,W9913,Strandli,2002,2001,W9913_2002,W9913_2001,F,1998,4,SolitaryF,-22.25,4.47,2.79,90,57,37370,4,1,2.75,4.345,-22.558,1.578947368,2001,4
277,W9914,Gira,2002,2001,W9914_2002,W9914_2001,F,1998,4,SolitaryF,-22.19,4.37,2.76,79,56,37370,4,1,2.86,4.4528,-22.498,1.410714286,2001,4
281,W0010,Hirva,2002,2001,W0010_2002,W0010_2001,F,1999,3,SolitaryF,-21.91,4.36,2.75,75,51,37462,7,1,2.4,4.002,-22.218,1.470588235,2001,3
861,W0301,Tunturi_k7:1,2003,2002,W0301_2003,W0301_2002,M,2002,1,WithMother,-23.17,5.28,3.02,14,35,37724,4,2,9.94,9.94,-23.456,0.4,2002,1
862,W0302,Tunturi_k7:2,2003,2002,W0302_2003,W0302_2002,M,2002,1,WithMother,-22.79,5.1,2.97,26,41,37724,4,2,8.86,8.86,-23.076,0.634146341,2002,1
342,W0303,Näcka,2003,2002,W0303_2003,W0303_2002,F,2002,1,WithMother,-22.82,5.52,3.09,18,38,37724,4,1,2.64,4.2372,-23.106,0.473684211,2002,1
858,W8906,Tunturihonan,2003,2002,W8906_2003,W8906_2002,F,1981,22,WithCubs,-22.64,4.65,2.84,97,65,37724,4,2,5.36,5.36,-22.926,1.492307692,2002,22
343,W0304,Gruva,2003,2002,W0304_2003,W0304_2002,F,2002,1,WithMother,-22.68,4.8,2.88,29,NA,37725,4,1,1.81,3.4238,-22.966,NA,2002,1
344,W0305,Snåla,2003,2002,W0305_2003,W0305_2002,F,2002,1,WithMother,-22.67,4.79,2.88,24,NA,37725,4,1,3.42,5.0016,-22.956,NA,2002,1
345,W0306,Kringla,2003,2002,W0306_2003,W0306_2002,F,2002,1,WithMother,-22.56,4.99,2.94,24.5,NA,37725,4,1,2.96,4.5508,-22.846,NA,2002,1
863,W0308,Borregaard_k2:1,2003,2002,W0308_2003,W0308_2002,M,2002,1,WithMother,-22.64,4.7,2.85,17,38,37725,4,2,10.3,10.3,-22.926,0.447368421,2002,1
864,W0309,Bornå,2003,2002,W0309_2003,W0309_2002,F,2002,1,WithMother,-22.68,4.82,2.89,10,35,37725,4,2,13.43,13.43,-22.966,0.285714286,2002,1
860,W9804,Borregaard,2003,2002,W9804_2003,W9804_2002,F,1997,6,WithCubs,-22.48,4.13,2.69,64,56,37725,4,2,16.2,16.2,-22.766,1.142857143,2002,6
331,W9909,Stubba,2003,2002,W9909_2003,W9909_2002,F,1989,14,WithCubs,-22.62,3.86,2.61,78,66,37725,4,1,2.65,4.247,-22.906,1.181818182,2002,14
347,W0310,Femma_k2:1,2003,2002,W0310_2003,W0310_2002,M,2002,1,WithMother,-22.84,4.62,2.83,22,NA,37726,4,1,3.68,5.2564,-23.126,NA,2002,1
348,W0311,Rita,2003,2002,W0311_2003,W0311_2002,F,2002,1,WithMother,-22.23,4.82,2.89,20,40,37727,4,1,4.27,5.8346,-22.516,0.5,2002,1
349,W0312,Sari_k4:2,2003,2002,W0312_2003,W0312_2002,M,2002,1,WithMother,-22.33,4.27,2.73,24,31,37727,4,1,5.18,6.7264,-22.616,0.774193548,2002,1
865,W0313,Täxås_k9:1,2003,2002,W0313_2003,W0313_2002,M,2002,1,WithMother,-22.6,5,2.94,24,41,37727,4,2,10.46,10.46,-22.886,0.585365854,2002,1
866,W0314,Täxås_k9:2,2003,2002,W0314_2003,W0314_2002,M,2002,1,WithMother,-22.78,4.86,2.9,21,41,37727,4,2,9.26,9.26,-23.066,0.512195122,2002,1
842,W8904,Täxåshonan,2003,2002,W8904_2003,W8904_2002,F,1987,16,WithCubs,-22.83,4.39,2.76,84,60,37727,4,2,7.69,7.69,-23.116,1.4,2002,16
326,W9310,Sari,2003,2002,W9310_2003,W9310_2002,F,1992,11,WithCubs,-22.58,3.2,2.41,88,64,37727,4,1,6.31,7.8338,-22.866,1.375,2002,11
350,W0315,Griffel_k5:1,2003,2002,W0315_2003,W0315_2002,M,2002,1,WithMother,-22.63,4.89,2.91,13,36,37734,4,1,3.63,5.2074,-22.916,0.361111111,2002,1
351,W0316,Griffel_k5:2,2003,2002,W0316_2003,W0316_2002,M,2002,1,WithMother,-22.63,5.34,3.04,14,37,37734,4,1,5.6,7.138,-22.916,0.378378378,2002,1
352,W0317,Vasta,2003,2002,W0317_2003,W0317_2002,F,2002,1,WithMother,-22.33,5.11,2.97,21,40,37734,4,1,2.54,4.1392,-22.616,0.525,2002,1
324,W9101,Griffel,2003,2002,W9101_2003,W9101_2002,F,1990,13,WithCubs,-22.57,4.6,2.82,81,61,37734,4,1,4.39,5.9522,-22.856,1.327868852,2002,13
329,W9615,Keiko,2003,2002,W9615_2003,W9615_2002,F,1995,8,WithCubs,-22.3,4.35,2.75,92,58,37734,4,1,2.99,4.5802,-22.586,1.586206897,2002,8
334,W0018,Tuva,2003,2002,W0018_2003,W0018_2002,F,1999,4,SolitaryF,-22.23,4.78,2.88,88,58,37735,4,1,2.98,4.5704,-22.516,1.517241379,2002,4
867,W0318,Tana,2003,2002,W0318_2003,W0318_2002,F,2002,1,WithMother,-22.58,5.51,3.09,25,41,37735,4,2,6.38,6.38,-22.866,0.609756098,2002,1
868,W0319,Järva_k7:2,2003,2002,W0319_2003,W0319_2002,M,2002,1,WithMother,-22.51,5.54,3.1,24,41,37735,4,2,10.47,10.47,-22.796,0.585365854,2002,1
869,W0320,Noppi_k9:1,2003,2002,W0320_2003,W0320_2002,M,2002,1,WithMother,-22.82,5.27,3.02,19,39.5,37735,4,2,11.04,11.04,-23.106,0.481012658,2002,1
870,W0321,Noppi_k9:2,2003,2002,W0321_2003,W0321_2002,M,2002,1,WithMother,-22.85,4.97,2.93,17,37,37735,4,2,13.53,13.53,-23.136,0.459459459,2002,1
841,W8808,Noppihonan,2003,2002,W8808_2003,W8808_2002,F,1981,22,WithCubs,-22.53,4.22,2.71,83,62,37735,4,2,7.81,7.81,-22.816,1.338709677,2002,22
859,W9308,Järva,2003,2002,W9308_2003,W9308_2002,F,1988,15,WithCubs,-22.45,4.34,2.75,101,65,37735,4,2,9.38,9.38,-22.736,1.553846154,2002,15
337,W0120,Rådlösa,2003,2002,W0120_2003,W0120_2002,F,1999,4,SolitaryF,-22.39,3.7,2.56,80,60,37746,5,1,3.66,5.2368,-22.676,1.333333333,2002,4
359,W0010,Hirva,2003,2002,W0010_2003,W0010_2002,F,1999,4,SolitaryF,-22.1,4.18,2.7,117,57,37886,9,1,0.89,2.5222,-22.386,2.052631579,2002,4
362,W0104,Abborrgina,2003,2002,W0104_2003,W0104_2002,F,2000,3,SolitaryF,-22.61,4.51,2.8,114,58,37886,9,1,1.23,2.8554,-22.896,1.965517241,2002,3
336,W0107,Akita,2003,2002,W0107_2003,W0107_2002,F,2000,3,SolitaryF,-22.08,4.47,2.79,101,61,37886,9,1,2.74,4.3352,-22.366,1.655737705,2002,3
363,W0107,Akita,2003,2002,W0107_2003,W0107_2002,F,2000,3,SolitaryF,-22.39,5.1,2.97,101,61,37886,9,1,1.45,3.071,-22.676,1.655737705,2002,3
333,W0015,Tälla,2003,2002,W0015_2003,W0015_2002,F,1999,4,SolitaryF,-22.27,4.76,2.87,138,NA,37887,9,1,1.54,3.1592,-22.556,NA,2002,4
360,W0015,Tälla,2003,2002,W0015_2003,W0015_2002,F,1999,4,SolitaryF,-22.39,4.79,2.88,138,NA,37887,9,1,1.95,3.561,-22.676,NA,2002,4
335,W0021,Tangå,2003,2002,W0021_2003,W0021_2002,F,1999,4,SolitaryF,-22.56,4.41,2.77,117,NA,37887,9,1,4.16,5.7268,-22.846,NA,2002,4
361,W0021,Tangå,2003,2002,W0021_2003,W0021_2002,F,1999,4,SolitaryF,-22.96,4.59,2.82,117,NA,37887,9,1,2.07,3.6786,-23.246,NA,2002,4
389,W0401,Vilma,2004,2003,W0401_2004,W0401_2003,F,2003,1,WithMother,-23.14,4.61,2.83,21,40,38091,4,1,2.8,4.394,-23.404,0.525,2003,1
390,W0402,Gnista,2004,2003,W0402_2004,W0402_2003,F,2003,1,WithMother,-22.79,4.9,2.91,30,42,38091,4,1,2.3,3.904,-23.054,0.714285714,2003,1
402,W0402,Gnista,2004,2003,W0402_2004,W0402_2003,F,2003,1,WithMother,-23.35,4.85,2.9,30,42,38091,4,1,2.75,4.345,-23.614,0.714285714,2003,1
391,W0403,Romunda,2004,2003,W0403_2004,W0403_2003,F,2003,1,WithMother,-22.84,4.83,2.89,26,42,38091,4,1,2.41,4.0118,-23.104,0.619047619,2003,1
392,W0404,Rassaku_k4:1,2004,2003,W0404_2004,W0404_2003,M,2003,1,WithMother,-22.86,4.37,2.76,25,41,38091,4,1,2.28,3.8844,-23.124,0.609756098,2003,1
393,W0405,Kroka,2004,2003,W0405_2004,W0405_2003,F,2003,1,WithMother,-22.7,4.76,2.87,29,45,38091,4,1,1.74,3.3552,-22.964,0.644444444,2003,1
367,W9007,Rassakuhonan,2004,2003,W9007_2004,W9007_2003,F,1986,18,WithCubs,-22.67,4.19,2.7,98,62,38091,4,1,2.75,4.345,-22.934,1.580645161,2003,18
371,W9502,Binna,2004,2003,W9502_2004,W9502_2003,F,1994,10,WithCubs,-23.2,3.85,2.6,100,64,38091,4,1,3.03,4.6194,-23.464,1.5625,2003,10
382,W0217,Silina,2004,2003,W0217_2004,W0217_2003,F,2001,3,SolitaryF,-23.03,4.22,2.71,45,46,38092,4,1,1.88,3.4924,-23.294,0.97826087,2003,3
383,W0229,Unna,2004,2003,W0229_2004,W0229_2003,F,1998,6,SolitaryF,-22.4,4.65,2.84,98,60,38092,4,1,0.83,2.4634,-22.664,1.633333333,2003,6
386,W0234,Hålla,2004,2003,W0234_2004,W0234_2003,F,1999,5,WithCubs,-23.05,4.15,2.69,74,56,38092,4,1,1.85,3.463,-23.314,1.321428571,2003,5
394,W0406,Hålla_k1:1,2004,2003,W0406_2004,W0406_2003,M,2003,1,WithMother,-23.21,4.5,2.79,21,40,38092,4,1,2.01,3.6198,-23.474,0.525,2003,1
395,W0407,Kuusi,2004,2003,W0407_2004,W0407_2003,F,2003,1,WithMother,-23.24,4.36,2.75,17,38,38092,4,1,1.27,2.8946,-23.504,0.447368421,2003,1
873,W0004,Öda,2004,2003,W0004_2004,W0004_2003,F,1994,10,WithCubs,-22.58,4.02,2.65,95,62,38093,4,2,6.34,6.34,-22.844,1.532258065,2003,10
875,W0408,Öda_k3:1,2004,2003,W0408_2004,W0408_2003,M,2003,1,WithMother,-22.99,4.56,2.81,29,42.5,38093,4,2,8.66,8.66,-23.254,0.682352941,2003,1
876,W0409,Tippa_k5:1,2004,2003,W0409_2004,W0409_2003,M,2003,1,WithMother,-23.24,4.93,2.92,21,40,38093,4,2,12.86,12.86,-23.504,0.525,2003,1
877,W0410,Tomsa,2004,2003,W0410_2004,W0410_2003,F,2003,1,WithMother,-23.19,4.64,2.84,27,39,38093,4,2,12.18,12.18,-23.454,0.692307692,2003,1
872,W9307,Tippa,2004,2003,W9307_2004,W9307_2003,F,1992,12,WithCubs,-23.31,4.48,2.79,110,65,38093,4,2,9.66,9.66,-23.574,1.692307692,2003,12
377,W0109,Loma,2004,2003,W0109_2004,W0109_2003,F,1994,10,WithCubs,-23.14,3.93,2.63,87,62,38094,4,1,3.18,4.7664,-23.404,1.403225806,2003,10
380,W0209,Lanna,2004,2003,W0209_2004,W0209_2003,F,2001,3,SolitaryF,-22.71,4.45,2.78,61,52.5,38094,4,1,1.38,3.0024,-22.974,1.161904762,2003,3
396,W0412,Rönni,2004,2003,W0412_2004,W0412_2003,F,2003,1,WithMother,-23.26,4.35,2.75,21,39,38094,4,1,1.99,3.6002,-23.524,0.538461538,2003,1
397,W0413,Loma_k2:2,2004,2003,W0413_2004,W0413_2003,M,2003,1,WithMother,-23.24,4.15,2.69,24,40,38094,4,1,2.86,4.4528,-23.504,0.6,2003,1
399,W0415,Gnolla,2004,2003,W0415_2004,W0415_2003,F,2003,1,WithMother,-22.99,4.41,2.77,27,41,38095,4,1,1.48,3.1004,-23.254,0.658536585,2003,1
400,W0416,Aspa,2004,2003,W0416_2004,W0416_2003,F,2003,1,WithMother,-22.97,4.35,2.75,25,45,38095,4,1,2.18,3.7864,-23.234,0.555555556,2003,1
401,W0417,Bella_k1:1,2004,2003,W0417_2004,W0417_2003,M,2003,1,WithMother,-22.62,5.1,2.97,22,38.5,38095,4,1,3.4,4.982,-22.884,0.571428571,2003,1
373,W9814,Bella,2004,2003,W9814_2004,W9814_2003,F,1997,7,WithCubs,-22.59,3.84,2.6,87,61,38095,4,1,2.2,3.806,-22.854,1.426229508,2003,7
374,W9913,Strandli,2004,2003,W9913_2004,W9913_2003,F,1998,6,WithCubs,-22.63,3.67,2.55,101,60,38095,4,1,1.07,2.6986,-22.894,1.683333333,2003,6
379,W0208,Snotta,2004,2003,W0208_2004,W0208_2003,F,2001,3,SolitaryF,-22.87,3.92,2.62,50,49,38096,4,1,1.85,3.463,-23.134,1.020408163,2003,3
874,W0237,Lonahoa,2004,2003,W0237_2004,W0237_2003,F,1997,7,WithCubs,-22.69,3.82,2.59,93,61,38096,4,2,6.57,6.57,-22.954,1.524590164,2003,7
879,W0418,Lonahoa_k1:1,2004,2003,W0418_2004,W0418_2003,M,2003,1,WithMother,-22.87,4.29,2.73,27,42,38096,4,2,8.65,8.65,-23.134,0.642857143,2003,1
880,W0419,Göna,2004,2003,W0419_2004,W0419_2003,F,2003,1,WithMother,-22.66,4.88,2.91,22,38.5,38096,4,2,12.88,12.88,-22.924,0.571428571,2003,1
384,W0231,Klöva,2004,2003,W0231_2004,W0231_2003,F,1992,12,WithCubs,-23.36,4.61,2.83,98,65,38097,4,1,4.63,6.1874,-23.624,1.507692308,2003,12
403,W0421,Klöva_k1:2,2004,2003,W0421_2004,W0421_2003,M,2003,1,WithMother,-23.18,5.09,2.97,26,41.5,38097,4,1,2.14,3.7472,-23.444,0.626506024,2003,1
881,W0422,Jämta,2004,2003,W0422_2004,W0422_2003,F,2003,1,WithMother,-22.89,4.36,2.75,27,40,38097,4,2,7.75,7.75,-23.154,0.675,2003,1
388,W0323,Löva,2004,2003,W0323_2004,W0323_2003,F,2000,4,SolitaryF,-23.1,5.15,2.99,89,58,38145,6,1,1.75,3.365,-23.364,1.534482759,2003,4
370,W9404,Börrine,2004,2003,W9404_2004,W9404_2003,F,1993,11,SolitaryF,-22.66,4.38,2.76,105,63,38147,6,1,1.1,2.728,-22.924,1.666666667,2003,11
369,W9403,Grivla,2004,2003,W9403_2004,W9403_2003,F,1993,11,SolitaryF,-22.62,4.7,2.85,105,61.5,38160,6,1,1.33,2.9534,-22.884,1.707317073,2003,11
420,W0209,Lanna,2005,2004,W0209_2005,W0209_2004,F,2001,4,SolitaryF,-22.96,4.94,2.92,71,56,38456,4,1,2.22,3.8256,-23.202,1.267857143,2004,4
422,W0217,Silina,2005,2004,W0217_2005,W0217_2004,F,2001,4,SolitaryF,-23.66,4.21,2.71,53,53,38456,4,1,2.51,4.1098,-23.902,1,2004,4
883,W0326,Gälla,2005,2004,W0326_2005,W0326_2004,F,1993,12,WithCubs,-22.35,3.95,2.63,96,62,38457,4,2,8.28,8.28,-22.592,1.548387097,2004,12
433,W0502,Femma_k3:1,2005,2004,W0502_2005,W0502_2004,M,2004,1,WithMother,-22.89,5.05,2.96,24,41,38457,4,1,4.96,6.5108,-23.132,0.585365854,2004,1
434,W0503,Påranäva,2005,2004,W0503_2005,W0503_2004,F,2004,1,WithMother,-22.73,4.97,2.93,24,42,38457,4,1,3.82,5.3936,-22.972,0.571428571,2004,1
884,W0504,Räva,2005,2004,W0504_2005,W0504_2004,F,2004,1,WithMother,-22.32,3.76,2.58,25,41,38457,4,2,6.23,6.23,-22.562,0.609756098,2004,1
415,W9806,Femma,2005,2004,W9806_2005,W9806_2004,F,1996,9,WithCubs,-22.87,4.29,2.73,94,64,38457,4,1,3.6,5.178,-23.112,1.46875,2004,9
421,W0212,Salma,2005,2004,W0212_2005,W0212_2004,F,2001,4,SolitaryF,-22.9,4.71,2.86,72,55,38458,4,1,4.16,5.7268,-23.142,1.309090909,2004,4
429,W0323,Löva,2005,2004,W0323_2005,W0323_2004,F,2000,5,SolitaryF,-22.57,4.55,2.81,94,60,38458,4,1,2.14,3.7472,-22.812,1.566666667,2004,5
435,W0505,Kampa,2005,2004,W0505_2005,W0505_2004,F,2004,1,WithMother,-23.4,4.28,2.73,23.5,40,38458,4,1,4.27,5.8346,-23.642,0.5875,2004,1
436,W0506,Griffel_k6:2,2005,2004,W0506_2005,W0506_2004,M,2004,1,WithMother,-23.21,4.02,2.65,27.5,42,38458,4,1,5.4,6.942,-23.452,0.654761905,2004,1
437,W0507,Läfta,2005,2004,W0507_2005,W0507_2004,F,2004,1,WithMother,-23.65,4.4,2.76,22,41,38458,4,1,4.41,5.9718,-23.892,0.536585366,2004,1
409,W8906,Tunturihonan,2005,2004,W8906_2005,W8906_2004,F,1981,24,WithCubs,-23.5,3.89,2.61,127,70,38458,4,1,6.54,8.0592,-23.742,1.814285714,2004,24
411,W9101,Griffel,2005,2004,W9101_2005,W9101_2004,F,1990,15,WithCubs,-23.15,4.46,2.78,106,64,38458,4,1,1.91,3.5218,-23.392,1.65625,2004,15
417,W0018,Tuva,2005,2004,W0018_2005,W0018_2004,F,1999,6,WithCubs,-22.82,4.27,2.73,82,58,38459,4,1,3.57,5.1486,-23.062,1.413793103,2004,6
418,W0107,Akita,2005,2004,W0107_2005,W0107_2004,F,2000,5,SolitaryF,-22.64,5.07,2.96,79,59,38459,4,1,3.24,4.8252,-22.882,1.338983051,2004,5
438,W0508,Milla,2005,2004,W0508_2005,W0508_2004,F,2004,1,WithMother,-22.8,4.8,2.88,17,38.5,38459,4,1,5.79,7.3242,-23.042,0.441558442,2004,1
439,W0509,Glya,2005,2004,W0509_2005,W0509_2004,F,2004,1,WithMother,-22.57,4.16,2.69,22,43,38459,4,1,4.97,6.5206,-22.812,0.511627907,2004,1
416,W9903,Kulla,2005,2004,W9903_2005,W9903_2004,F,1997,8,WithCubs,-22.38,4.01,2.65,75,60,38459,4,1,4.92,6.4716,-22.622,1.25,2004,8
426,W0229,Unna,2005,2004,W0229_2005,W0229_2004,F,1998,7,SolitaryF,-22.53,4.81,2.89,92,58,38460,4,1,2.18,3.7864,-22.772,1.586206897,2004,7
431,W0427,Noenoppi,2005,2004,W0427_2005,W0427_2004,F,2001,4,SolitaryF,-22.95,4.35,2.75,67,57,38460,4,1,4.61,6.1678,-23.192,1.175438596,2004,4
440,W0510,Borregaard_k3:1,2005,2004,W0510_2005,W0510_2004,M,2004,1,WithMother,-22.85,4.3,2.74,19,40,38460,4,1,5.77,7.3046,-23.092,0.475,2004,1
441,W0511,Stickmyra,2005,2004,W0511_2005,W0511_2004,F,2004,1,WithMother,-22.8,4.48,2.79,17,28,38460,4,1,7.04,8.5492,-23.042,0.607142857,2004,1
885,W0512,Gälla_k1:2,2005,2004,W0512_2005,W0512_2004,M,2004,1,WithMother,-22.53,4.58,2.82,30,41,38460,4,2,9.14,9.14,-22.772,0.731707317,2004,1
428,W0303,Näcka,2005,2004,W0303_2005,W0303_2004,F,2002,3,SolitaryF,-22.94,4.14,2.69,49,49,38461,4,1,2.95,4.541,-23.182,1,2004,3
423,W0219,Ljöra,2005,2004,W0219_2005,W0219_2004,F,2001,4,SolitaryF,-23.27,4.81,2.89,78,59,38469,4,1,3.75,5.325,-23.512,1.322033898,2004,4
424,W0221,Faksa,2005,2004,W0221_2005,W0221_2004,F,2001,4,SolitaryF,-22.77,3.95,2.63,76,59,38469,4,1,3.32,4.9036,-23.012,1.288135593,2004,4
427,W0236,Toxa,2005,2004,W0236_2005,W0236_2004,F,1999,6,WithCubs,-22.82,3.64,2.54,91,59,38469,4,1,3.59,5.1682,-23.062,1.542372881,2004,6
442,W0513,Syndre,2005,2004,W0513_2005,W0513_2004,F,2004,1,WithMother,-22.77,4.98,2.94,22,40,38469,4,1,3.85,5.423,-23.012,0.55,2004,1
886,W0514,Keiko_k2:1,2005,2004,W0514_2005,W0514_2004,M,2004,1,WithMother,-22.55,4.61,2.83,20,40,38469,4,2,11.56,11.56,-22.792,0.5,2004,1
887,W0515,Keiko_k2:2,2005,2004,W0515_2005,W0515_2004,M,2004,1,WithMother,-22.87,4.3,2.74,27,43,38469,4,2,8.65,8.65,-23.112,0.627906977,2004,1
882,W9615,Keiko,2005,2004,W9615_2005,W9615_2004,F,1995,10,WithCubs,-22.76,3.88,2.61,95,62,38469,4,2,6.9,6.9,-23.002,1.532258065,2004,10
419,W0208,Snotta,2005,2004,W0208_2005,W0208_2004,F,2001,4,SolitaryF,-22.61,3.95,2.63,65,53,38483,5,1,3.29,4.8742,-22.852,1.226415094,2004,4
889,W0010,Hirva,2006,2005,W0010_2006,W0010_2005,F,1999,7,WithCubs,-23.33,4.37,2.76,83,60,38826,4,2,8.1,8.1,-23.55,1.383333333,2005,7
890,W0104,Abborrgina,2006,2005,W0104_2006,W0104_2005,F,2000,6,WithCubs,-22.73,4.36,2.75,77,59,38827,4,2,11.35,11.35,-22.95,1.305084746,2005,6
456,W0410,Tomsa,2006,2005,W0410_2006,W0410_2005,F,2003,3,SolitaryF,-23.14,4.51,2.8,54,49.5,38827,4,1,3.35,4.933,-23.36,1.090909091,2005,3
894,W0602,Hälla,2006,2005,W0602_2006,W0602_2005,F,2005,1,WithMother,-23.25,4.9,2.91,19,41,38827,4,2,15.59,15.59,-23.47,0.463414634,2005,1
461,W0603,Bryna,2006,2005,W0603_2006,W0603_2005,F,2005,1,WithMother,-22.84,5.67,3.14,41,48,38827,4,1,2.06,3.6688,-23.06,0.854166667,2005,1
447,W9909,Stubba,2006,2005,W9909_2006,W9909_2005,F,1989,17,WithCubs,-23.08,4.75,2.87,109,65,38827,4,1,2.23,3.8354,-23.3,1.676923077,2005,17
891,W0229,Unna,2006,2005,W0229_2006,W0229_2005,F,1998,8,WithCubs,-22.74,4.34,2.75,89,60,38828,4,2,8.82,8.82,-22.96,1.483333333,2005,8
895,W0604,Unna_k1:1,2006,2005,W0604_2006,W0604_2005,M,2005,1,WithMother,-23.12,4.85,2.9,NA,NA,38828,4,2,8.31,8.31,-23.34,NA,2005,1
896,W0605,Sälga,2006,2005,W0605_2006,W0605_2005,F,2005,1,WithMother,-23.16,4.61,2.83,20,38,38828,4,2,13.15,13.15,-23.38,0.526315789,2005,1
897,W0606,Våla,2006,2005,W0606_2006,W0606_2005,F,2005,1,WithMother,-22.95,4.82,2.89,20,38,38828,4,2,12.76,12.76,-23.17,0.526315789,2005,1
462,W0607,Ränna,2006,2005,W0607_2006,W0607_2005,F,2005,1,WithMother,-23,5.06,2.96,17,37,38829,4,1,3.87,5.4426,-23.22,0.459459459,2005,1
463,W0608,Ribba,2006,2005,W0608_2006,W0608_2005,F,2005,1,WithMother,-23.27,5.14,2.98,24,40,38829,4,1,8.34,9.8232,-23.49,0.6,2005,1
464,W0609,Högåsa,2006,2005,W0609_2006,W0609_2005,F,2005,1,WithMother,-23.01,5.29,3.03,22.5,39,38829,4,1,4.98,6.5304,-23.23,0.576923077,2005,1
445,W8904,Täxåshonan,2006,2005,W8904_2006,W8904_2005,F,1987,19,WithCubs,-23.22,4.75,2.87,91,61,38829,4,1,4.65,6.207,-23.44,1.491803279,2005,19
452,W0212,Salma,2006,2005,W0212_2006,W0212_2005,F,2001,5,SolitaryF,-23.04,5.16,2.99,93,60,38830,4,1,1.51,3.1298,-23.26,1.55,2005,5
457,W0411,Kassika,2006,2005,W0411_2006,W0411_2005,F,2003,3,SolitaryF,-23.12,4.92,2.92,60,51,38830,4,1,1.82,3.4336,-23.34,1.176470588,2005,3
892,W0425,Komola,2006,2005,W0425_2006,W0425_2005,F,2000,6,WithCubs,-22.94,4.81,2.89,72,57,38830,4,2,8.33,8.33,-23.16,1.263157895,2005,6
899,W0611,Påska,2006,2005,W0611_2006,W0611_2005,F,2005,1,WithMother,-23.1,4.91,2.91,15,35,38830,4,2,10.22,10.22,-23.32,0.428571429,2005,1
458,W0422,Jämta,2006,2005,W0422_2006,W0422_2005,F,2003,3,SolitaryF,-22.61,4.63,2.83,65,53,38831,4,1,2.2,3.806,-22.83,1.226415094,2005,3
465,W0612,Krut,2006,2005,W0612_2006,W0612_2005,M,2005,1,WithMother,-22.87,4.97,2.93,21.5,40,38838,5,1,2.55,4.149,-23.09,0.5375,2005,1
466,W0613,Karlgrav,2006,2005,W0613_2006,W0613_2005,M,2005,1,WithMother,-22.98,4.97,2.93,14.5,34,38838,5,1,3.14,4.7272,-23.2,0.426470588,2005,1
467,W0614,Järva_k9:3,2006,2005,W0614_2006,W0614_2005,M,2005,1,WithMother,-22.92,4.72,2.86,19,40,38838,5,1,4.68,6.2364,-23.14,0.475,2005,1
468,W0615,Järva_k9:4,2006,2005,W0615_2006,W0615_2005,M,2005,1,WithMother,-22.95,5.01,2.94,29,44,38838,5,1,5.71,7.2458,-23.17,0.659090909,2005,1
469,W0616,Hoka,2006,2005,W0616_2006,W0616_2005,F,2005,1,WithMother,-22.71,5.03,2.95,25,42,38838,5,1,3.64,5.2172,-22.93,0.595238095,2005,1
470,W0617,Lonahoa_k2:2,2006,2005,W0617_2006,W0617_2005,M,2005,1,WithMother,-22.67,4.91,2.91,25,43,38838,5,1,4.14,5.7072,-22.89,0.581395349,2005,1
446,W9308,Järva,2006,2005,W9308_2006,W9308_2005,F,1988,18,WithCubs,-22.69,4.25,2.72,93,66,38838,5,1,3.43,5.0114,-22.91,1.409090909,2005,18
450,W0004,Öda,2006,2005,W0004_2006,W0004_2005,F,1994,12,WithCubs,-22.71,4.47,2.79,95,64,38839,5,1,4.35,5.913,-22.93,1.484375,2005,12
900,W0618,Kampi,2006,2005,W0618_2006,W0618_2005,M,2005,1,WithMother,-23.52,4.83,2.89,21,41,38839,5,2,9.66,9.66,-23.74,0.512195122,2005,1
901,W0619,Kangas,2006,2005,W0619_2006,W0619_2005,M,2005,1,WithMother,-23.48,4.93,2.92,20,43,38839,5,2,7.54,7.54,-23.7,0.465116279,2005,1
471,W0620,Tvåska,2006,2005,W0620_2006,W0620_2005,F,2005,1,WithMother,-22.77,5.36,3.05,25,40,38839,5,1,5.25,6.795,-22.99,0.625,2005,1
888,W9403,Grivla,2006,2005,W9403_2006,W9403_2005,F,1993,13,WithCubs,-23.03,4.41,2.77,90,62,38839,5,2,6.37,6.37,-23.25,1.451612903,2005,13
472,W0621,Stöa,2006,2005,W0621_2006,W0621_2005,F,2005,1,WithMother,-23.06,4.53,2.8,18,40,38840,5,1,2.94,4.5312,-23.28,0.45,2005,1
473,W0622,Skarva,2006,2005,W0622_2006,W0622_2005,F,2005,1,WithMother,-23.15,4.81,2.89,20.5,40,38840,5,1,6.05,7.579,-23.37,0.5125,2005,1
474,W0623,Verva,2006,2005,W0623_2006,W0623_2005,F,2005,1,WithMother,-22.73,5.43,3.07,20.5,42,38840,5,1,3.83,5.4034,-22.95,0.488095238,2005,1
448,W9913,Strandli,2006,2005,W9913_2006,W9913_2005,F,1998,8,WithCubs,-23,3.99,2.64,99,62,38840,5,1,3.05,4.639,-23.22,1.596774194,2005,8
449,W9914,Gira,2006,2005,W9914_2006,W9914_2005,F,1998,8,WithCubs,-22.47,4.51,2.8,94,63,38840,5,1,2.14,3.7472,-22.69,1.492063492,2005,8
455,W0407,Kuusi,2006,2005,W0407_2006,W0407_2005,F,2003,3,SolitaryF,-22.59,4.85,2.9,NA,51,38887,6,1,3.27,4.8546,-22.81,NA,2005,3
477,W0626,Koski,2006,2005,W0626_2006,W0626_2005,F,2000,6,WithCubs,-23.01,4.44,2.78,76,57,38887,6,1,2.61,4.2078,-23.23,1.333333333,2005,6
460,W0427,Noenoppi,2006,2005,W0427_2006,W0427_2005,F,2001,5,SolitaryF,-22.85,4.64,2.84,84,62,38909,7,1,0.84,2.4732,-23.07,1.35483871,2005,5
488,W0410,Tomsa,2007,2006,W0410_2007,W0410_2006,F,2003,4,SolitaryF,-23.18,4.71,2.86,72,58,39184,4,1,1.15,2.777,-23.378,1.24137931,2006,4
489,W0411,Kassika,2007,2006,W0411_2007,W0411_2006,F,2003,4,SolitaryF,-23.44,5.11,2.97,85,57,39184,4,1,2.27,3.8746,-23.638,1.49122807,2006,4
904,W0209,Lanna,2007,2006,W0209_2007,W0209_2006,F,2001,6,WithCubs,-23.18,4.75,2.87,81,59,39185,4,2,7.97,7.97,-23.378,1.372881356,2006,6
905,W0701,Kotta,2007,2006,W0701_2007,W0701_2006,F,2006,1,WithMother,-23.14,5.03,2.95,20,NA,39185,4,2,9.56,9.56,-23.338,NA,2006,1
906,W0702,Bävra,2007,2006,W0702_2007,W0702_2006,F,2006,1,WithMother,-23.18,5.25,3.01,19,NA,39185,4,2,9.94,9.94,-23.378,NA,2006,1
494,W0507,Läfta,2007,2006,W0507_2007,W0507_2006,F,2004,3,SolitaryF,-22.57,4.83,2.89,59,53.5,39188,4,1,1.09,2.7182,-22.768,1.102803738,2006,3
501,W0703,Hapa,2007,2006,W0703_2007,W0703_2006,F,2006,1,WithMother,-23.1,5.35,3.04,20.5,40,39188,4,1,4.16,5.7268,-23.298,0.5125,2006,1
502,W0704,Keiko_k3:1,2007,2006,W0704_2007,W0704_2006,M,2006,1,WithMother,-23.03,5.47,3.08,26,40.5,39188,4,1,4.16,5.7268,-23.228,0.641975309,2006,1
503,W0705,Keiko_k3:2,2007,2006,W0705_2007,W0705_2006,M,2006,1,WithMother,-22.91,5.18,2.99,30,42,39188,4,1,3.24,4.8252,-23.108,0.714285714,2006,1
480,W9615,Keiko,2007,2006,W9615_2007,W9615_2006,F,1995,12,WithCubs,-22.85,4.95,2.93,106,63,39188,4,1,2.22,3.8256,-23.048,1.682539683,2006,12
902,W0018,Tuva,2007,2006,W0018_2007,W0018_2006,F,1999,8,WithCubs,-23.01,4.71,2.86,97,63,39189,4,2,6.87,6.87,-23.208,1.53968254,2006,8
504,W0706,Brända,2007,2006,W0706_2007,W0706_2006,F,2006,1,WithMother,-22.58,5.24,3.01,19,39,39189,4,1,3.03,4.6194,-22.778,0.487179487,2006,1
505,W0707,Broka,2007,2006,W0707_2007,W0707_2006,F,2006,1,WithMother,-22.49,5.12,2.98,19,39,39189,4,1,2.73,4.3254,-22.688,0.487179487,2006,1
907,W0708,Tuva_k3:1,2007,2006,W0708_2007,W0708_2006,M,2006,1,WithMother,-22.97,5.35,3.04,22,38.5,39189,4,2,10.47,10.47,-23.168,0.571428571,2006,1
908,W0709,Rymma,2007,2006,W0709_2007,W0709_2006,F,2006,1,WithMother,-22.81,5.46,3.08,25,41.5,39189,4,2,11.65,11.65,-23.008,0.602409639,2006,1
909,W0710,Tuva_k3:3,2007,2006,W0710_2007,W0710_2006,M,2006,1,WithMother,-23.12,5.33,3.04,26,44.5,39189,4,2,7.74,7.74,-23.318,0.584269663,2006,1
482,W9814,Bella,2007,2006,W9814_2007,W9814_2006,F,1997,10,WithCubs,-22.55,4.17,2.7,85,62,39189,4,1,3.31,4.8938,-22.748,1.370967742,2006,10
493,W0503,Påranäva,2007,2006,W0503_2007,W0503_2006,F,2004,3,SolitaryF,-22.8,4.74,2.86,63,56,39190,4,1,3.02,4.6096,-22.998,1.125,2006,3
506,W0711,Femma_k4:2,2007,2006,W0711_2007,W0711_2006,M,2006,1,WithMother,-22.96,5.61,3.12,24,40,39191,4,1,3.24,4.8252,-23.158,0.6,2006,1
481,W9806,Femma,2007,2006,W9806_2007,W9806_2006,F,1996,11,WithCubs,-23.01,4.63,2.83,91,64,39191,4,1,3.31,4.8938,-23.208,1.421875,2006,11
903,W0107,Akita,2007,2006,W0107_2007,W0107_2006,F,2000,7,WithCubs,-22.6,4.75,2.87,85,65,39192,4,2,8.71,8.71,-22.798,1.307692308,2006,7
495,W0517,Balsa,2007,2006,W0517_2007,W0517_2006,F,2001,6,WithCubs,-22.98,4.57,2.81,62,53.5,39192,4,1,4.51,6.0698,-23.178,1.158878505,2006,6
507,W0712,Munka,2007,2006,W0712_2007,W0712_2006,F,2006,1,WithMother,-22.91,5.12,2.98,12,37.5,39192,4,1,6.11,7.6378,-23.108,0.32,2006,1
508,W0713,Ambra,2007,2006,W0713_2007,W0713_2006,F,2006,1,WithMother,-22.99,5.05,2.96,12,38,39192,4,1,3.51,5.0898,-23.188,0.315789474,2006,1
498,W0624,Ljusa,2007,2006,W0624_2007,W0624_2006,F,1989,18,SolitaryF,-22.74,4.57,2.81,120,65,39193,4,1,1.13,2.7574,-22.938,1.846153846,2006,18
491,W0416,Aspa,2007,2006,W0416_2007,W0416_2006,F,2003,4,SolitaryF,-22.81,4.52,2.8,76,59,39194,4,1,1.4,3.022,-23.008,1.288135593,2006,4
492,W0422,Jämta,2007,2006,W0422_2007,W0422_2006,F,2003,4,SolitaryF,-22.6,4.67,2.84,NA,61,39205,5,1,2.24,3.8452,-22.798,NA,2006,4
500,W0626,Koski,2007,2006,W0626_2007,W0626_2006,F,2000,7,SolitaryF,-22.96,4.6,2.82,68,57,39205,5,1,1.42,3.0416,-23.158,1.192982456,2006,7
496,W0618,Kampi,2007,2006,W0618_2007,W0618_2006,M,2005,2,WithMother,-23.06,4.65,2.84,50,50,39206,5,1,1.73,3.3454,-23.258,1,2006,2
497,W0619,Kangas,2007,2006,W0619_2007,W0619_2006,M,2005,2,WithMother,-23.18,4.72,2.86,42,49,39206,5,1,2.69,4.2862,-23.378,0.857142857,2006,2
479,W9403,Grivla,2007,2006,W9403_2007,W9403_2006,F,1993,14,WithCubs,-22.84,4.82,2.89,90,61,39206,5,1,2.67,4.2666,-23.038,1.475409836,2006,14
484,W0212,Salma,2007,2006,W0212_2007,W0212_2006,F,2001,6,SolitaryF,-23.28,5.09,2.97,81,59,39222,5,1,2.21,3.8158,-23.478,1.372881356,2006,6
490,W0415,Gnolla,2007,2006,W0415_2007,W0415_2006,F,2003,4,SolitaryF,-22.45,4.39,2.76,74,57,39222,5,1,0.97,2.6006,-22.648,1.298245614,2006,4
487,W0405,Kroka,2007,2006,W0405_2007,W0405_2006,F,2003,4,SolitaryF,-22.72,5.04,2.95,72,57.5,39252,6,2,2.25,2.25,-22.918,1.252173913,2006,4
486,W0303,Näcka,2007,2006,W0303_2007,W0303_2006,F,2002,5,SolitaryF,-22.42,4.67,2.84,NA,58,39280,7,1,1.72,3.3356,-22.618,NA,2006,5
526,W0422,Jämta,2008,2007,W0422_2008,W0422_2007,F,2003,5,SolitaryF,-22.53,4.62,2.83,83,61,39546,4,2,3.57,3.57,-22.706,1.360655738,2007,5
531,W0507,Läfta,2008,2007,W0507_2008,W0507_2007,F,2004,4,SolitaryF,-22.56,4.16,2.69,63,58,39556,4,1,0.96,2.5908,-22.736,1.086206897,2007,4
532,W0610,Ruta,2008,2007,W0610_2008,W0610_2007,F,2005,3,SolitaryF,-22.46,4.01,2.65,28,44,39556,4,1,1.34,2.9632,-22.636,0.636363636,2007,3
517,W0010,Hirva,2008,2007,W0010_2008,W0010_2007,F,1999,9,WithCubs,-22.48,3.7,2.56,81,58,39561,4,1,3.24,4.8252,-22.656,1.396551724,2007,9
546,W0806,Kyllan,2008,2007,W0806_2008,W0806_2007,F,2007,1,WithMother,-22.74,4.14,2.69,15,39.5,39561,4,1,2.75,4.345,-22.916,0.379746835,2007,1
547,W0807,Hirva_k2:2,2008,2007,W0807_2008,W0807_2007,M,2007,1,WithMother,-22.86,4.3,2.74,15,39,39561,4,1,8.77,10.2446,-23.036,0.384615385,2007,1
516,W0004,Öda,2008,2007,W0004_2008,W0004_2007,F,1994,14,WithCubs,-22.79,4.24,2.72,88,65,39562,4,1,3.25,4.835,-22.966,1.353846154,2007,14
522,W0231,Klöva,2008,2007,W0231_2008,W0231_2007,F,1992,16,WithCubs,-22.84,4.6,2.82,88,65,39562,4,1,3.78,5.3544,-23.016,1.353846154,2007,16
548,W0808,Samuel,2008,2007,W0808_2008,W0808_2007,M,2007,1,WithMother,-23.05,4.92,2.92,14,37,39562,4,1,9.39,10.8522,-23.226,0.378378378,2007,1
549,W0809,Manne,2008,2007,W0809_2008,W0809_2007,M,2007,1,WithMother,-22.88,5.25,3.01,17,42,39562,4,1,5.15,6.697,-23.056,0.404761905,2007,1
550,W0810,Mismyr,2008,2007,W0810_2008,W0810_2007,M,2007,1,WithMother,-23.03,4.95,2.93,24,43,39562,4,1,6.76,8.2748,-23.206,0.558139535,2007,1
551,W0811,Klittmyr,2008,2007,W0811_2008,W0811_2007,M,2007,1,WithMother,-22.93,4.83,2.89,22,42,39562,4,1,4.5,6.06,-23.106,0.523809524,2007,1
552,W0812,Villmyr,2008,2007,W0812_2008,W0812_2007,M,2007,1,WithMother,-22.95,4.81,2.89,16,38,39562,4,1,6.12,7.6476,-23.126,0.421052632,2007,1
525,W0411,Kassika,2008,2007,W0411_2008,W0411_2007,F,2003,5,SolitaryF,-23.02,4.77,2.87,77,58,39563,4,1,6.15,7.677,-23.196,1.327586207,2007,5
553,W0814,Krugga,2008,2007,W0814_2008,W0814_2007,F,2007,1,WithMother,-22.97,4.69,2.85,15,37.5,39563,4,1,3.03,4.6194,-23.146,0.4,2007,1
524,W0326,Gälla,2008,2007,W0326_2008,W0326_2007,F,1993,15,WithCubs,-22.36,4.25,2.72,89,65,39566,4,1,4.5,6.06,-22.536,1.369230769,2007,15
554,W0815,Gälla_k2:1,2008,2007,W0815_2008,W0815_2007,M,2007,1,WithMother,-22.6,4.5,2.79,19,40.5,39566,4,1,2.87,4.4626,-22.776,0.469135802,2007,1
555,W0816,Svedda,2008,2007,W0816_2008,W0816_2007,F,2007,1,WithMother,-22.34,4.63,2.83,19,40.5,39566,4,1,3.05,4.639,-22.516,0.469135802,2007,1
556,W0817,Valla,2008,2007,W0817_2008,W0817_2007,F,2007,1,WithMother,-22.52,4.54,2.81,17,39,39566,4,1,5.76,7.2948,-22.696,0.435897436,2007,1
557,W0818,Ellen,2008,2007,W0818_2008,W0818_2007,F,2007,1,WithMother,-22.55,4.15,2.69,13,35.5,39566,4,1,6.88,8.3924,-22.726,0.366197183,2007,1
558,W0819,Digra,2008,2007,W0819_2008,W0819_2007,F,2007,1,WithMother,-22.83,4.63,2.83,18,38,39566,4,2,9.06,9.06,-23.006,0.473684211,2007,1
559,W0820,Åsanissa,2008,2007,W0820_2008,W0820_2007,F,2007,1,WithMother,-22.69,4.6,2.82,19,40,39566,4,2,6.82,6.82,-22.866,0.475,2007,1
529,W0503,Påranäva,2008,2007,W0503_2008,W0503_2007,F,2004,4,SolitaryF,-22.54,4.86,2.9,70,57,39567,4,1,3.06,4.6488,-22.716,1.228070175,2007,4
528,W0425,Komola,2008,2007,W0425_2008,W0425_2007,F,2000,8,WithCubs,-22.51,4.23,2.71,71,58,39568,4,1,8.07,9.5586,-22.686,1.224137931,2007,8
560,W0821,Kulla_k3:1,2008,2007,W0821_2008,W0821_2007,M,2007,1,WithMother,-22.51,4.68,2.85,15,36.5,39568,4,1,3.81,5.3838,-22.686,0.410958904,2007,1
561,W0822,Kulla_k3:2,2008,2007,W0822_2008,W0822_2007,M,2007,1,WithMother,-22.86,4.51,2.8,17.5,41.5,39568,4,1,4.36,5.9228,-23.036,0.421686747,2007,1
562,W0823,Håva,2008,2007,W0823_2008,W0823_2007,F,2007,1,WithMother,-22.83,4.5,2.79,9.5,35,39568,4,1,4,5.57,-23.006,0.271428571,2007,1
563,W0824,Gerko,2008,2007,W0824_2008,W0824_2007,M,2007,1,WithMother,-22.75,4.59,2.82,12.5,37,39568,4,1,3.01,4.5998,-22.926,0.337837838,2007,1
564,W0825,Galju,2008,2007,W0825_2008,W0825_2007,F,2007,1,WithMother,-22.43,4.51,2.8,11.5,36,39568,4,1,3.61,5.1878,-22.606,0.319444444,2007,1
515,W9903,Kulla,2008,2007,W9903_2008,W9903_2007,F,1997,11,WithCubs,-22.51,4.07,2.67,71,61,39568,4,1,8.74,10.2152,-22.686,1.163934426,2007,11
534,W0620,Tvåska,2008,2007,W0620_2008,W0620_2007,F,2005,3,SolitaryF,-22.7,4.61,2.83,NA,57,39576,5,1,2.6,4.198,-22.876,NA,2007,3
536,W0624,Ljusa,2008,2007,W0624_2008,W0624_2007,F,1989,19,SolitaryF,-22.6,4.83,2.89,118,65,39577,5,1,2.66,4.2568,-22.776,1.815384615,2007,19
538,W0626,Koski,2008,2007,W0626_2008,W0626_2007,F,2000,8,SolitaryF,-22.93,4.29,2.73,NA,60,39611,6,1,2.65,4.247,-23.106,NA,2007,8
523,W0237,Lonahoa,2008,2007,W0237_2008,W0237_2007,F,1997,11,WithCubs,-22.69,4.01,2.65,120,64,39671,8,1,4.91,6.4618,-22.866,1.875,2007,11
520,W0217,Silina,2008,2007,W0217_2008,W0217_2007,F,2001,7,SolitaryF,-22.57,4.77,2.87,105,60,39672,8,1,0.88,2.5124,-22.746,1.75,2007,7
745,W0610,Ruta,2009,2008,W0610_2009,W0610_2008,F,2005,4,SolitaryF,-22.72,4.36,2.75,45,46,39910,4,2,16.43,16.43,-22.874,0.97826087,2008,4
746,W0611,Påska,2009,2008,W0611_2009,W0611_2008,F,2005,4,SolitaryF,-22.91,4.06,2.66,46,47,39910,4,2,8.32,8.32,-23.064,0.978723404,2008,4
743,W0503,Påranäva,2009,2008,W0503_2009,W0503_2008,F,2004,5,SolitaryF,-22.74,4.71,2.86,90,63,39917,4,2,7.79,7.79,-22.894,1.428571429,2008,5
749,W0620,Tvåska,2009,2008,W0620_2009,W0620_2008,F,2005,4,SolitaryF,-22.54,4.69,2.85,77,58,39917,4,2,9.21,9.21,-22.694,1.327586207,2008,4
754,W0703,Hapa,2009,2008,W0703_2009,W0703_2008,F,2006,3,SolitaryF,-22.71,4.17,2.7,51,52,39917,4,2,6.48,6.48,-22.864,0.980769231,2008,3
739,W0231,Klöva,2009,2008,W0231_2009,W0231_2008,F,1992,17,WithCubs,-22.63,4.86,2.9,83,67,39918,4,2,8.8,8.8,-22.784,1.23880597,2008,17
748,W0616,Hoka,2009,2008,W0616_2009,W0616_2008,F,2005,4,SolitaryF,-22.77,4.39,2.76,77,62,39918,4,2,8.81,8.81,-22.924,1.241935484,2008,4
760,W0808,Samuel,2009,2008,W0808_2009,W0808_2008,M,2007,2,WithMother,-22.53,4.39,2.76,39,45,39918,4,2,8.41,8.41,-22.684,0.866666667,2008,2
761,W0809,Manne,2009,2008,W0809_2009,W0809_2008,M,2007,2,WithMother,-22.49,4.75,2.87,46,47,39918,4,2,6.65,6.65,-22.644,0.978723404,2008,2
765,W0813,Sillda,2009,2008,W0813_2009,W0813_2008,F,2007,2,SolitaryF,-23.46,4.13,2.69,36,43,39919,4,2,11.15,11.15,-23.614,0.837209302,2008,2
766,W0814,Krugga,2009,2008,W0814_2009,W0814_2008,F,2007,2,SolitaryF,-23.9,3.67,2.55,33,42,39919,4,2,10.48,10.48,-24.054,0.785714286,2008,2
772,W0901,Loften,2009,2008,W0901_2009,W0901_2008,M,2008,1,WithMother,-23.05,5.3,3.03,25,38,39919,4,2,10.93,10.93,-23.204,0.657894737,2008,1
773,W0902,Räken,2009,2008,W0902_2009,W0902_2008,M,2008,1,WithMother,-22.67,5.64,3.13,25,40,39919,4,2,7.92,7.92,-22.824,0.625,2008,1
731,W0004,Öda,2009,2008,W0004_2009,W0004_2008,F,1994,15,SolitaryF,-22.61,4.06,2.66,96,63,39920,4,2,11.02,11.02,-22.764,1.523809524,2008,15
762,W0810,Mismyr,2009,2008,W0810_2009,W0810_2008,M,2007,2,WithMother,-22.61,4.06,2.66,48,50,39920,4,2,8.09,8.09,-22.764,0.96,2008,2
763,W0811,Klittmyr,2009,2008,W0811_2009,W0811_2008,M,2007,2,WithMother,-22.6,3.96,2.64,45,48,39920,4,2,9.97,9.97,-22.754,0.9375,2008,2
764,W0812,Villmyr,2009,2008,W0812_2009,W0812_2008,M,2007,2,WithMother,-22.69,3.9,2.62,39,47,39920,4,2,11.08,11.08,-22.844,0.829787234,2008,2
738,W0229,Unna,2009,2008,W0229_2009,W0229_2008,F,1998,11,WithCubs,-22.6,4.3,2.74,98,64.5,39923,4,2,16.75,16.75,-22.754,1.519379845,2008,11
741,W0422,Jämta,2009,2008,W0422_2009,W0422_2008,F,2003,6,SolitaryF,-22.55,4.18,2.7,82,62,39923,4,2,8.8,8.8,-22.704,1.322580645,2008,6
774,W0903,Nalis,2009,2008,W0903_2009,W0903_2008,M,2008,1,WithMother,-22.96,4.64,2.84,25,40.5,39923,4,2,14.12,14.12,-23.114,0.617283951,2008,1
775,W0904,Trulla,2009,2008,W0904_2009,W0904_2008,F,2008,1,WithMother,-22.97,4.69,2.85,23,40,39923,4,2,10.68,10.68,-23.124,0.575,2008,1
735,W0107,Akita,2009,2008,W0107_2009,W0107_2008,F,2000,9,WithCubs,-22.61,4.45,2.78,97,66,39924,4,2,12.44,12.44,-22.764,1.46969697,2008,9
776,W0905,Järva_k10:1,2009,2008,W0905_2009,W0905_2008,M,2008,1,WithMother,-22.77,5.21,3,28,43.5,39924,4,2,10.37,10.37,-22.924,0.643678161,2008,1
777,W0906,Järva_k10:2,2009,2008,W0906_2009,W0906_2008,M,2008,1,WithMother,-22.65,5.02,2.95,24,42,39924,4,2,11.67,11.67,-22.804,0.571428571,2008,1
727,W9308,Järva,2009,2008,W9308_2009,W9308_2008,F,1988,21,WithCubs,-22.66,4.08,2.67,110,70,39924,4,2,13.3,13.3,-22.814,1.571428571,2008,21
778,W0907,Kosin,2009,2008,W0907_2009,W0907_2008,M,2008,1,WithMother,-23.47,5.04,2.95,13,39,39925,4,2,9.76,9.76,-23.624,0.333333333,2008,1
779,W0908,Sopin,2009,2008,W0908_2009,W0908_2008,M,2008,1,WithMother,-23.51,4.43,2.77,14,40,39925,4,2,13,13,-23.664,0.35,2008,1
780,W0909,Heiken,2009,2008,W0909_2009,W0909_2008,M,2008,1,WithMother,-23.53,4.89,2.91,19,40,39925,4,2,10.39,10.39,-23.684,0.475,2008,1
781,W0910,Röde,2009,2008,W0910_2009,W0910_2008,M,2008,1,WithMother,-22.96,4.46,2.78,25,41,39925,4,2,13.58,13.58,-23.114,0.609756098,2008,1
728,W9403,Grivla,2009,2008,W9403_2009,W9403_2008,F,1993,16,WithCubs,-23.03,4.08,2.67,92,63,39925,4,2,8.18,8.18,-23.184,1.46031746,2008,16
729,W9615,Keiko,2009,2008,W9615_2009,W9615_2008,F,1995,14,WithCubs,-22.7,4.36,2.75,105,63,39925,4,2,11.17,11.17,-22.854,1.666666667,2008,14
750,W0621,Stöa,2009,2008,W0621_2009,W0621_2008,F,2005,4,SolitaryF,-22.37,4.33,2.74,78,57,39926,4,2,6.99,6.99,-22.524,1.368421053,2008,4
752,W0623,Verva,2009,2008,W0623_2009,W0623_2008,F,2005,4,SolitaryF,-22.63,4.28,2.73,69,60,39926,4,2,9.14,9.14,-22.784,1.15,2008,4
782,W0911,Gira_k6:1,2009,2008,W0911_2009,W0911_2008,M,2008,1,WithMother,-23.19,4.72,2.86,17,40,39926,4,2,15.55,15.55,-23.344,0.425,2008,1
783,W0912,Gira_k6:2,2009,2008,W0912_2009,W0912_2008,M,2008,1,WithMother,-22.87,5.04,2.95,27,43.5,39926,4,2,9.24,9.24,-23.024,0.620689655,2008,1
730,W9914,Gira,2009,2008,W9914_2009,W9914_2008,F,1998,11,WithCubs,-22.76,4.43,2.77,95,63,39926,4,2,12.28,12.28,-22.914,1.507936508,2008,11
767,W0818,Ellen,2009,2008,W0818_2009,W0818_2008,F,2007,2,SolitaryF,-22.58,3.34,2.45,28,42,39930,4,2,9.59,9.59,-22.734,0.666666667,2008,2
768,W0820,Åsanissa,2009,2008,W0820_2009,W0820_2008,F,2007,2,SolitaryF,-22.74,3.66,2.55,33,45,39930,4,2,12.95,12.95,-22.894,0.733333333,2008,2
770,W0825,Galju,2009,2008,W0825_2009,W0825_2008,F,2007,2,SolitaryF,-23.1,3.85,2.6,23,43,39930,4,2,15.36,15.36,-23.254,0.534883721,2008,2
744,W0507,Läfta,2009,2008,W0507_2009,W0507_2008,F,2004,5,SolitaryF,-22.31,4.39,2.76,96,63,39932,4,2,7.54,7.54,-22.464,1.523809524,2008,5
759,W0806,Kyllan,2009,2008,W0806_2009,W0806_2008,F,2007,2,SolitaryF,-22.98,3.71,2.56,26,45,39932,4,2,15.51,15.51,-23.134,0.577777778,2008,2
740,W0411,Kassika,2009,2008,W0411_2009,W0411_2008,F,2003,6,SolitaryF,-22.94,4.85,2.9,90,58,39947,5,2,8.47,8.47,-23.094,1.551724138,2008,6
751,W0622,Skarva,2009,2008,W0622_2009,W0622_2008,F,2005,4,SolitaryF,-23.1,4.53,2.8,78,61,39948,5,2,13.05,13.05,-23.254,1.278688525,2008,4
742,W0425,Komola,2009,2008,W0425_2009,W0425_2008,F,2000,9,SolitaryF,-22.68,4.31,2.74,105,NA,40008,7,2,8.28,8.28,-22.834,NA,2008,9
792,W0104,Abborrgina,2010,2009,W0104_2010,W0104_2009,F,2000,10,WithCubs,-22.78,4.8,2.88,97,62,40281,4,2,5.64,5.64,-22.912,1.564516129,2009,10
845,W0716,Spjuta,2010,2009,W0716_2010,W0716_2009,F,2001,9,WithCubs,-23.2,3.94,2.63,89,60,40281,4,2,14.58,14.58,-23.332,1.483333333,2009,9
805,W0901,Loften,2010,2009,W0901_2010,W0901_2009,M,2008,2,WithMother,-23.05,4.98,2.94,49,47,40281,4,2,4.56,4.56,-23.182,1.042553191,2009,2
806,W0902,Räken,2010,2009,W0902_2010,W0902_2009,M,2008,2,WithMother,-23.05,5.33,3.04,55,48,40281,4,2,4.87,4.87,-23.182,1.145833333,2009,2
813,W1002,Spjuta_k2:1,2010,2009,W1002_2010,W1002_2009,M,2009,1,WithMother,-23.27,4.55,2.81,21,38,40281,4,2,7.2,7.2,-23.402,0.552631579,2009,1
814,W1003,Härfläck,2010,2009,W1003_2010,W1003_2009,M,2009,1,WithMother,-23.08,4.49,2.79,19,38,40281,4,2,6.64,6.64,-23.212,0.5,2009,1
815,W1004,Päjer,2010,2009,W1004_2010,W1004_2009,M,2009,1,WithMother,-23.33,4.6,2.82,18,38,40281,4,2,11.82,11.82,-23.462,0.473684211,2009,1
809,W0907,Kosin,2010,2009,W0907_2010,W0907_2009,M,2008,2,WithMother,-23.27,4.54,2.81,27,44,40282,4,2,6.46,6.46,-23.402,0.613636364,2009,2
810,W0908,Sopin,2010,2009,W0908_2010,W0908_2009,M,2008,2,WithMother,-23.39,4.55,2.81,33,42,40282,4,2,5.52,5.52,-23.522,0.785714286,2009,2
811,W0909,Heiken,2010,2009,W0909_2010,W0909_2009,M,2008,2,WithMother,-23.29,4.68,2.85,35,45,40282,4,2,6.74,6.74,-23.422,0.777777778,2009,2
816,W1005,Mäki,2010,2009,W1005_2010,W1005_2009,M,2009,1,WithMother,-22.97,4.9,2.91,15.5,39,40282,4,2,11.77,11.77,-23.102,0.397435897,2009,1
817,W1006,Mylly,2010,2009,W1006_2010,W1006_2009,F,2009,1,WithMother,-23.01,4.82,2.89,14.5,38,40282,4,2,9.59,9.59,-23.142,0.381578947,2009,1
788,W9403,Grivla,2010,2009,W9403_2010,W9403_2009,F,1993,17,WithCubs,-22.95,4.52,2.8,87,57,40282,4,2,7.72,7.72,-23.082,1.526315789,2009,17
807,W0903,Nalis,2010,2009,W0903_2010,W0903_2009,M,2008,2,WithMother,-23.02,5.09,2.97,60,56,40284,4,2,4.85,4.85,-23.152,1.071428571,2009,2
808,W0904,Trulla,2010,2009,W0904_2010,W0904_2009,F,2008,2,WithMother,-22.86,4.57,2.81,51,49,40284,4,2,4.92,4.92,-22.992,1.040816327,2009,2
851,W0806,Kyllan,2010,2009,W0806_2010,W0806_2009,F,2007,3,SolitaryF,-23.22,3.93,2.63,45,47,40288,4,2,6.34,6.34,-23.352,0.957446809,2009,3
802,W0616,Hoka,2010,2009,W0616_2010,W0616_2009,F,2005,5,SolitaryF,-22.73,4.5,2.79,81,58,40289,4,2,4.83,4.83,-22.862,1.396551724,2009,5
832,W0703,Hapa,2010,2009,W0703_2010,W0703_2009,F,2006,4,SolitaryF,-22.73,4.79,2.88,59,51,40289,4,2,3.55,3.55,-22.862,1.156862745,2009,4
818,W1007,Kulla_k4:1,2010,2009,W1007_2010,W1007_2009,M,2009,1,WithMother,-23.19,4.13,2.69,17.5,39,40289,4,2,8.89,8.89,-23.322,0.448717949,2009,1
819,W1008,Kulla_k4:2,2010,2009,W1008_2010,W1008_2009,M,2009,1,WithMother,-23.17,4.42,2.77,19,39.5,40289,4,2,8.96,8.96,-23.302,0.481012658,2009,1
820,W1009,Ransi,2010,2009,W1009_2010,W1009_2009,F,2009,1,WithMother,-23.13,4.67,2.84,17,38,40289,4,2,12.87,12.87,-23.262,0.447368421,2009,1
790,W9903,Kulla,2010,2009,W9903_2010,W9903_2009,F,1997,13,WithCubs,-22.57,4.27,2.73,78,63,40289,4,2,13.65,13.65,-22.702,1.238095238,2009,13
844,W0713,Ambra,2010,2009,W0713_2010,W0713_2009,F,2006,4,SolitaryF,-22.83,4.74,2.86,46,50,40290,4,2,6.82,6.82,-22.962,0.92,2009,4
856,W0826,Andljusa,2010,2009,W0826_2010,W0826_2009,F,1997,13,WithCubs,-22.55,4.11,2.68,83,62,40290,4,2,10.04,10.04,-22.682,1.338709677,2009,13
821,W1010,Itav,2010,2009,W1010_2010,W1010_2009,M,2009,1,WithMother,-22.7,4.41,2.77,15.5,39,40290,4,2,9.38,9.38,-22.832,0.397435897,2009,1
822,W1011,Lillunn,2010,2009,W1011_2010,W1011_2009,F,2009,1,WithMother,-22.66,4.56,2.81,17,34,40290,4,2,8.78,8.78,-22.792,0.5,2009,1
823,W1012,Litå,2010,2009,W1012_2010,W1012_2009,M,2009,1,WithMother,-23.06,4.46,2.78,20,38,40290,4,2,10.2,10.2,-23.192,0.526315789,2009,1
824,W1013,Bella_k3:1,2010,2009,W1013_2010,W1013_2009,M,2009,1,WithMother,-22.71,4.36,2.75,20,40.5,40290,4,2,6.32,6.32,-22.842,0.49382716,2009,1
825,W1014,Bella_k3:2,2010,2009,W1014_2010,W1014_2009,M,2009,1,WithMother,-23.14,4.74,2.86,18,42,40290,4,2,10.27,10.27,-23.272,0.428571429,2009,1
789,W9814,Bella,2010,2009,W9814_2010,W9814_2009,F,1997,13,WithCubs,-22.92,4.16,2.69,86,63,40290,4,2,16.33,16.33,-23.052,1.365079365,2009,13
795,W0237,Lonahoa,2010,2009,W0237_2010,W0237_2009,F,1997,13,WithCubs,-22.63,3.49,2.5,90,60.5,40291,4,2,16.8,16.8,-22.762,1.487603306,2009,13
826,W1015,Virkas,2010,2009,W1015_2010,W1015_2009,M,2009,1,WithMother,-22.79,3.97,2.64,14,39,40291,4,2,9.34,9.34,-22.922,0.358974359,2009,1
827,W1016,Rovena,2010,2009,W1016_2010,W1016_2009,M,2009,1,WithMother,-22.8,4.38,2.76,18,39.5,40291,4,2,6.9,6.9,-22.932,0.455696203,2009,1
828,W1017,Pässan,2010,2009,W1017_2010,W1017_2009,F,2009,1,WithMother,-22.81,4.29,2.73,18,40,40291,4,2,7.9,7.9,-22.942,0.45,2009,1
799,W0610,Ruta,2010,2009,W0610_2010,W0610_2009,F,2005,5,SolitaryF,-22.66,4.4,2.76,47,50,40294,4,2,4.69,4.69,-22.792,0.94,2009,5
801,W0610,Ruta,2010,2009,W0610_2010,W0610_2009,F,2005,5,SolitaryF,-23.01,4.31,2.74,47,50,40294,4,2,5.52,5.52,-23.142,0.94,2009,5
800,W0611,Påska,2010,2009,W0611_2010,W0611_2009,F,2005,5,SolitaryF,-23.02,4.24,2.72,48,50.5,40294,4,2,5.19,5.19,-23.152,0.95049505,2009,5
797,W0504,Räva,2010,2009,W0504_2010,W0504_2009,F,2004,6,SolitaryF,-22.7,4.22,2.71,80,62,40295,4,2,4.43,4.43,-22.832,1.290322581,2009,6
798,W0605,Sälga,2010,2009,W0605_2010,W0605_2009,F,2005,5,SolitaryF,-22.82,4.69,2.85,70,58.5,40295,4,2,3.78,3.78,-22.952,1.196581197,2009,5
803,W0622,Skarva,2010,2009,W0622_2010,W0622_2009,F,2005,5,SolitaryF,-23.23,3.95,2.63,98,63,40295,4,2,4.67,4.67,-23.362,1.555555556,2009,5
843,W0706,Brända,2010,2009,W0706_2010,W0706_2009,F,2006,4,SolitaryF,-23,4.27,2.73,61,56,40295,4,2,5.43,5.43,-23.132,1.089285714,2009,4
793,W0219,Ljöra,2010,2009,W0219_2010,W0219_2009,F,2001,9,SolitaryF,-23.5,4.9,2.91,84,63,40318,5,2,8.4,8.4,-23.632,1.333333333,2009,9
855,W0820,Åsanissa,2010,2009,W0820_2010,W0820_2009,F,2007,3,SolitaryF,-22.65,4.1,2.68,55,51,40351,6,2,12.34,12.34,-22.782,1.078431373,2009,3
666,W0217,Silina,2011,2010,W0217_2011,W0217_2010,F,2001,10,WithCubs,-22.96,4.5,2.79,68,57,40651,4,2,15,15,-23.07,1.192982456,2010,10
668,W0303,Näcka,2011,2010,W0303_2011,W0303_2010,F,2002,9,WithCubs,-22.18,4.62,2.83,74,56,40651,4,2,7.03,7.03,-22.29,1.321428571,2010,9
672,W0605,Sälga,2011,2010,W0605_2011,W0605_2010,F,2005,6,SolitaryF,-22.58,4.74,2.86,73,57,40651,4,2,5.61,5.61,-22.69,1.280701754,2010,6
700,W1101,Bäker,2011,2010,W1101_2011,W1101_2010,M,2010,1,WithMother,-22.44,4.56,2.81,12,38,40651,4,2,8.52,8.52,-22.55,0.315789474,2010,1
701,W1102,Slådå,2011,2010,W1102_2011,W1102_2010,M,2010,1,WithMother,-22.4,4.74,2.86,15.5,39.5,40651,4,2,8.12,8.12,-22.51,0.392405063,2010,1
702,W1103,Kivi,2011,2010,W1103_2011,W1103_2010,M,2010,1,WithMother,-23.3,5.18,2.99,14,38,40651,4,2,8.1,8.1,-23.41,0.368421053,2010,1
681,W0720,Rådika,2011,2010,W0720_2011,W0720_2010,F,2000,11,WithCubs,-22.76,4.65,2.84,56,56,40652,4,2,10.03,10.03,-22.87,1,2010,11
696,W1005,Mäki,2011,2010,W1005_2011,W1005_2010,M,2009,2,WithMother,-22.82,4.4,2.76,22,39,40652,4,2,7.11,7.11,-22.93,0.564102564,2010,2
697,W1006,Mylly,2011,2010,W1006_2011,W1006_2010,F,2009,2,WithMother,-22.87,4.5,2.79,23,45.5,40652,4,2,7.84,7.84,-22.98,0.505494505,2010,2
684,W0806,Kyllan,2011,2010,W0806_2011,W0806_2010,F,2007,4,SolitaryF,-22.57,4.59,2.82,51,51,40653,4,2,9.63,9.63,-22.68,1,2010,4
688,W0818,Ellen,2011,2010,W0818_2011,W0818_2010,F,2007,4,SolitaryF,-22.15,4.03,2.66,48,50,40653,4,2,6.11,6.11,-22.26,0.96,2010,4
689,W0820,Åsanissa,2011,2010,W0820_2011,W0820_2010,F,2007,4,SolitaryF,-22.4,4.14,2.69,57,53.5,40653,4,2,7.69,7.69,-22.51,1.065420561,2010,4
703,W1104,Bjura,2011,2010,W1104_2011,W1104_2010,F,2010,1,WithMother,-22.4,4.7,2.85,16,39,40653,4,2,10.2,10.2,-22.51,0.41025641,2010,1
704,W1105,Nysloga,2011,2010,W1105_2011,W1105_2010,F,2010,1,WithMother,-22.41,4.46,2.78,17,38.5,40653,4,2,9.67,9.67,-22.52,0.441558442,2010,1
664,W9615,Keiko,2011,2010,W9615_2011,W9615_2010,F,1995,16,WithCubs,-22.15,4.61,2.83,90,58,40653,4,2,12.77,12.77,-22.26,1.551724138,2010,16
669,W0326,Gälla,2011,2010,W0326_2011,W0326_2010,F,1993,18,WithCubs,-22.56,4.4,2.76,82,60,40659,4,2,12.36,12.36,-22.67,1.366666667,2010,18
671,W0517,Balsa,2011,2010,W0517_2011,W0517_2010,F,2001,10,WithCubs,-22.06,4.26,2.72,58,54,40659,4,2,11.05,11.05,-22.17,1.074074074,2010,10
705,W1106,Välinga,2011,2010,W1106_2011,W1106_2010,F,2010,1,WithMother,-22.38,4.66,2.84,10,36,40659,4,2,14.14,14.14,-22.49,0.277777778,2010,1
706,W1107,Balsa_k3:2,2011,2010,W1107_2011,W1107_2010,M,2010,1,WithMother,-22.38,4.43,2.77,11,39,40659,4,2,9.8,9.8,-22.49,0.282051282,2010,1
707,W1108,Gälla_k3:1,2011,2010,W1108_2011,W1108_2010,M,2010,1,WithMother,-22.65,4.54,2.81,13.5,39,40659,4,2,13.37,13.37,-22.76,0.346153846,2010,1
708,W1109,Gälla_k3:2,2011,2010,W1109_2011,W1109_2010,M,2010,1,WithMother,-22.66,4.53,2.8,17,40,40659,4,2,11.99,11.99,-22.77,0.425,2010,1
709,W1110,Strandas,2011,2010,W1110_2011,W1110_2010,F,2010,1,WithMother,-22.62,4.51,2.8,14,39.5,40659,4,2,12.01,12.01,-22.73,0.35443038,2010,1
670,W0425,Komola,2011,2010,W0425_2011,W0425_2010,F,2000,11,WithCubs,-22.82,4.18,2.7,65.4,57,40660,4,2,9.74,9.74,-22.93,1.147368421,2010,11
674,W0610,Ruta,2011,2010,W0610_2011,W0610_2010,F,2005,6,SolitaryF,-22.34,3.86,2.61,51,52,40660,4,2,5.69,5.69,-22.45,0.980769231,2010,6
675,W0611,Påska,2011,2010,W0611_2011,W0611_2010,F,2005,6,SolitaryF,-22.28,4.63,2.83,55,51,40660,4,2,5.83,5.83,-22.39,1.078431373,2010,6
710,W1111,Komola_k3:3,2011,2010,W1111_2011,W1111_2010,F,2010,1,WithMother,-22.92,4.41,2.77,8,36,40660,4,2,11.45,11.45,-23.03,0.222222222,2010,1
667,W0219,Ljöra,2011,2010,W0219_2011,W0219_2010,F,2001,10,WithCubs,-23.26,4.58,2.82,80,61,40661,4,2,10.76,10.76,-23.37,1.31147541,2010,10
676,W0621,Stöa,2011,2010,W0621_2011,W0621_2010,F,2005,6,SolitaryF,-22.76,4.57,2.81,83,60,40661,4,2,7.05,7.05,-22.87,1.383333333,2010,6
677,W0623,Verva,2011,2010,W0623_2011,W0623_2010,F,2005,6,WithCubs,-23.11,4.4,2.76,70,57,40661,4,2,10.91,10.91,-23.22,1.228070175,2010,6
711,W1112,Horrmunda,2011,2010,W1112_2011,W1112_2010,F,2010,1,WithMother,-23.13,4.94,2.92,18.5,40.5,40661,4,2,10.33,10.33,-23.24,0.456790123,2010,1
712,W1113,Ljöra_k4:2,2011,2010,W1113_2011,W1113_2010,M,2010,1,WithMother,-23.06,5,2.94,11.4,37,40661,4,2,12.07,12.07,-23.17,0.308108108,2010,1
713,W1114,Ljöra_k4:3,2011,2010,W1114_2011,W1114_2010,F,2010,1,WithMother,-23.15,4.08,2.67,14,38,40661,4,2,10.81,10.81,-23.26,0.368421053,2010,1
678,W0703,Hapa,2011,2010,W0703_2011,W0703_2010,F,2006,5,SolitaryF,-22.86,4.81,2.89,74,56,40673,5,2,4.3,4.3,-22.97,1.321428571,2010,5
648,W0825,Galju,2012,2011,W0825_2012,W0825_2011,F,2007,5,SolitaryF,-23.21,4.11,2.68,49.5,51,41023,4,2,6.06,6.06,-23.298,0.970588235,2011,5
643,W0806,Kyllan,2012,2011,W0806_2012,W0806_2011,F,2007,5,SolitaryF,-22.73,4.49,2.79,67,54,41024,4,2,6.74,6.74,-22.818,1.240740741,2011,5
649,W0904,Trulla,2012,2011,W0904_2012,W0904_2011,F,2008,4,SolitaryF,-22.76,4.99,2.94,63,52,41025,4,2,4.39,4.39,-22.848,1.211538462,2011,4
646,W0818,Ellen,2012,2011,W0818_2012,W0818_2011,F,2007,5,SolitaryF,-22.61,4.3,2.74,54.5,53,41026,4,2,6.01,6.01,-22.698,1.028301887,2011,5
647,W0820,Åsanissa,2012,2011,W0820_2012,W0820_2011,F,2007,5,SolitaryF,-22.91,4.26,2.72,62,55,41026,4,2,4.79,4.79,-22.998,1.127272727,2011,5
634,W0104,Abborrgina,2012,2011,W0104_2012,W0104_2011,F,2000,12,WithCubs,-22.88,4.33,2.74,78,60,41031,5,2,9.39,9.39,-22.968,1.3,2011,12
640,W0716,Spjuta,2012,2011,W0716_2012,W0716_2011,F,2001,11,WithCubs,-23.02,4.49,2.79,87,60,41031,5,2,6.38,6.38,-23.108,1.45,2011,11
658,W1204,Kil-kalle,2012,2011,W1204_2012,W1204_2011,M,2011,1,WithMother,-23.68,5.57,3.11,18.5,37,41031,5,2,11.18,11.18,-23.768,0.5,2011,1
659,W1205,Klummy,2012,2011,W1205_2012,W1205_2011,F,2011,1,WithMother,-23.24,5.79,3.17,20,40,41031,5,2,10.08,10.08,-23.328,0.5,2011,1
660,W1206,Klumpa,2012,2011,W1206_2012,W1206_2011,F,2011,1,WithMother,-23.14,5.47,3.08,22.5,40.5,41031,5,2,9.33,9.33,-23.228,0.555555556,2011,1
638,W0620,Tvåska,2012,2011,W0620_2012,W0620_2011,F,2005,7,WithCubs,-22.77,4.42,2.77,79,63,41032,5,2,8,8,-22.858,1.253968254,2011,7
661,W1207,Linde,2012,2011,W1207_2012,W1207_2011,M,2011,1,WithMother,-23.39,5.38,3.05,20,42,41032,5,2,10.11,10.11,-23.478,0.476190476,2011,1
635,W0605,Sälga,2012,2011,W0605_2012,W0605_2011,F,2005,7,SolitaryF,-22.9,4.48,2.79,67,57,41050,5,2,5.2,5.2,-22.988,1.175438596,2011,7
663,W1209,Järpa,2012,2011,W1209_2012,W1209_2011,F,2011,1,WithMother,-23.65,5.44,3.07,NA,37,41050,5,2,9.71,9.71,-23.738,NA,2011,1
632,W9403,Grivla,2012,2011,W9403_2012,W9403_2011,F,1993,19,SolitaryF,-22.67,5.02,2.95,NA,62,41050,5,2,5.52,5.52,-22.758,NA,2011,19
633,W9814,Bella,2012,2011,W9814_2012,W9814_2011,F,1997,15,SolitaryF,-22.65,5.55,3.1,86,62,41050,5,2,6.14,6.14,-22.738,1.387096774,2011,15
636,W0610,Ruta,2012,2011,W0610_2012,W0610_2011,F,2005,7,SolitaryF,-22.69,4.81,2.89,61.5,52,41051,5,2,5.26,5.26,-22.778,1.182692308,2011,7
637,W0611,Påska,2012,2011,W0611_2012,W0611_2011,F,2005,7,SolitaryF,-22.68,4.47,2.79,81.9,56,41051,5,2,6.74,6.74,-22.768,1.4625,2011,7
590,W0610,Ruta,2013,2012,W0610_2013,W0610_2012,F,2005,8,SolitaryF,-23.06,4.49,2.79,75,54,41383,4,2,9.85,9.85,-23.126,1.388888889,2012,8
600,W0818,Ellen,2013,2012,W0818_2013,W0818_2012,F,2007,6,SolitaryF,-22.72,4.31,2.74,69,57,41383,4,2,3.8,3.8,-22.786,1.210526316,2012,6
601,W0825,Galju,2013,2012,W0825_2013,W0825_2012,F,2007,6,SolitaryF,-23.45,4.55,2.81,58,53,41383,4,2,7.38,7.38,-23.516,1.094339623,2012,6
605,W1017,Pässan,2013,2012,W1017_2013,W1017_2012,F,2009,4,SolitaryF,-22.97,4.73,2.86,64,55,41383,4,2,4.93,4.93,-23.036,1.163636364,2012,4
588,W0605,Sälga,2013,2012,W0605_2013,W0605_2012,F,2005,8,WithCubs,-23.13,4.63,2.83,72,57,41386,4,2,8.18,8.18,-23.196,1.263157895,2012,8
589,W0611,Påska,2013,2012,W0611_2013,W0611_2012,F,2005,8,SolitaryF,-22.57,5.51,3.09,79,54,41386,4,2,13.91,13.91,-22.636,1.462962963,2012,8
612,W1301,Slindor,2013,2012,W1301_2013,W1301_2012,M,2012,1,WithMother,-23.52,5,2.94,17,39.5,41386,4,2,8.03,8.03,-23.586,0.430379747,2012,1
613,W1302,Bäcker,2013,2012,W1302_2013,W1302_2012,M,2012,1,WithMother,-23.64,4.81,2.89,17,40,41386,4,2,9.64,9.64,-23.706,0.425,2012,1
608,W1205,Klummy,2013,2012,W1205_2013,W1205_2012,F,2011,2,WithMother,-23.34,4.99,2.94,43,48,41387,4,2,2.43,2.43,-23.406,0.895833333,2012,2
614,W1303,Lillsloga,2013,2012,W1303_2013,W1303_2012,F,2012,1,WithMother,-23.18,5.46,3.08,19,40.5,41387,4,2,7.66,7.66,-23.246,0.469135802,2012,1
615,W1304,Bergsloga,2013,2012,W1304_2013,W1304_2012,F,2012,1,WithMother,-23.14,5.66,3.14,19,39,41387,4,2,12.79,12.79,-23.206,0.487179487,2012,1
583,W9403,Grivla,2013,2012,W9403_2013,W9403_2012,F,1993,20,WithCubs,-23.1,5.18,2.99,93,62.5,41387,4,2,5.69,5.69,-23.166,1.488,2012,20
586,W0303,Näcka,2013,2012,W0303_2013,W0303_2012,F,2002,11,WithCubs,-22.89,4.2,2.71,80,61,41393,4,2,14.51,14.51,-22.956,1.31147541,2012,11
616,W1305,Flickran,2013,2012,W1305_2013,W1305_2012,F,2012,1,WithMother,-23.03,4.8,2.88,21.5,36,41393,4,2,9.81,9.81,-23.096,0.597222222,2012,1
617,W1306,Härkä,2013,2012,W1306_2013,W1306_2012,M,2012,1,WithMother,-22.97,4.83,2.89,23,41,41393,4,2,8.84,8.84,-23.036,0.56097561,2012,1
618,W1307,Tunplutten,2013,2012,W1307_2013,W1307_2012,M,2012,1,WithMother,-23.47,4.99,2.94,10,35.5,41393,4,2,12.35,12.35,-23.536,0.281690141,2012,1
619,W1308,Pendon,2013,2012,W1308_2013,W1308_2012,M,2012,1,WithMother,-23.36,4.86,2.9,15,36,41393,4,2,11.34,11.34,-23.426,0.416666667,2012,1
592,W0621,Stöa,2013,2012,W0621_2013,W0621_2012,F,2005,8,WithCubs,-23.11,4.21,2.71,86,62,41394,4,2,27.41,27.41,-23.176,1.387096774,2012,8
620,W1309,Fulunäsa,2013,2012,W1309_2013,W1309_2012,F,2012,1,WithMother,-22.12,5.3,3.03,21,40,41394,4,2,10.79,10.79,-22.186,0.525,2012,1
621,W1310,Svukka,2013,2012,W1310_2013,W1310_2012,F,2012,1,WithMother,-21.91,4.66,2.84,18.5,41,41394,4,2,9.72,9.72,-21.976,0.451219512,2012,1
622,W1311,Tveknippa,2013,2012,W1311_2013,W1311_2012,F,2012,1,WithMother,-22.13,5.01,2.94,17,37,41394,4,2,6.95,6.95,-22.196,0.459459459,2012,1
584,W9914,Gira,2013,2012,W9914_2013,W9914_2012,F,1998,15,WithCubs,-23.3,4.58,2.82,98,61,41394,4,2,7.84,7.84,-23.366,1.606557377,2012,15
607,W1203,Pengel,2013,2012,W1203_2013,W1203_2012,F,2008,5,SolitaryF,-22.79,4.42,2.77,69,57,41408,5,2,3.11,3.11,-22.856,1.210526316,2012,5
585,W0217,Silina,2013,2012,W0217_2013,W0217_2012,F,2001,12,WithCubs,-23.12,4.69,2.85,79,59,41409,5,2,7.59,7.59,-23.186,1.338983051,2012,12
604,W1011,Lillunn,2013,2012,W1011_2013,W1011_2012,F,2009,4,SolitaryF,-22.81,5.02,2.95,55.5,53,41409,5,2,4.34,4.34,-22.876,1.047169811,2012,4
594,W0713,Ambra,2013,2012,W0713_2013,W0713_2012,F,2006,7,SolitaryF,-22.94,5.17,2.99,77,58,41415,5,2,24.06,24.06,-23.006,1.327586207,2012,7
587,W0425,Komola,2013,2012,W0425_2013,W0425_2012,F,2000,13,WithCubs,-23.49,4.65,2.84,76,59,41416,5,2,10.86,10.86,-23.556,1.288135593,2012,13
591,W0620,Tvåska,2013,2012,W0620_2013,W0620_2012,F,2005,8,SolitaryF,-23.13,4.89,2.91,86,62,41416,5,2,31.33,31.33,-23.196,1.387096774,2012,8
597,W0806,Kyllan,2013,2012,W0806_2013,W0806_2012,F,2007,6,SolitaryF,-22.86,5.09,2.97,77,57,41416,5,2,6.16,6.16,-22.926,1.350877193,2012,6
626,W1315,Roudina,2013,2012,W1315_2013,W1315_2012,F,2012,1,WithMother,-22.91,4.61,2.83,15,38,41416,5,2,8.01,8.01,-22.976,0.394736842,2012,1
627,W1316,Token,2013,2012,W1316_2013,W1316_2012,M,2012,1,WithMother,-23.02,4.52,2.8,17,40,41416,5,2,9.81,9.81,-23.086,0.425,2012,1
628,W1317,Silå,2013,2012,W1317_2013,W1317_2012,M,2012,1,WithMother,-23.1,4.7,2.85,15.5,40,41416,5,2,7.77,7.77,-23.166,0.3875,2012,1
609,W1206,Klumpa,2013,2012,W1206_2013,W1206_2012,F,2011,2,WithMother,-23.25,5.18,2.99,NA,54,41436,6,2,3.88,3.88,-23.316,NA,2012,2
719,W1205,Klummy,2015,2014,W1205_2015,W1205_2014,F,2011,4,SolitaryF,-23.42,5.42,3.06,74.5,55,42110,4,2,6.26,6.26,-23.442,1.354545455,2014,4
720,W1206,Klumpa,2015,2014,W1206_2015,W1206_2014,F,2011,4,SolitaryF,-23.75,5.66,3.14,90.6,60,42110,4,2,6.33,6.33,-23.772,1.51,2014,4
721,W0620,Tvåska,2015,2014,W0620_2015,W0620_2014,F,2005,10,WithCubs,-23.22,4.85,2.9,106.5,63,42112,4,2,11.6,11.6,-23.242,1.69047619,2014,10
722,W1110,Strandas,2015,2014,W1110_2015,W1110_2014,F,2010,5,SolitaryF,-23.08,4.67,2.84,62.2,52.5,42115,4,2,4.7,4.7,-23.102,1.184761905,2014,5
723,W0713,Ambra,2015,2014,W0713_2015,W0713_2014,F,2006,9,WithCubs,-23.17,4.68,2.85,62.8,56.5,42117,4,2,16.66,16.66,-23.192,1.111504425,2014,9
724,W0720,Rådika,2015,2014,W0720_2015,W0720_2014,F,2000,15,WithCubs,-22.97,4.48,2.79,76.6,59,42117,4,2,13,13,-22.992,1.298305085,2014,15
725,W0104,Abborrgina,2015,2014,W0104_2015,W0104_2014,F,2000,15,WithCubs,-23.19,4.15,2.69,83.6,59,42118,4,2,11.16,11.16,-23.212,1.416949153,2014,15
574,W0818,Ellen,2016,2015,W0818_2016,W0818_2015,F,2007,9,SolitaryF,-21.06,4.38,2.76,87.4,58,42486,4,2,7.11,7.11,-21.06,1.506896552,2015,9
716,W1110,Strandas,2016,2015,W1110_2016,W1110_2015,F,2010,6,SolitaryF,-23.31,4.94,2.92,82.5,56,42486,4,2,7.51,7.51,-23.31,1.473214286,2015,6
573,W1304,Bergsloga,2016,2015,W1304_2016,W1304_2015,F,2012,4,SolitaryF,-23.32,4.75,2.87,48.8,49.5,42486,4,2,7.32,7.32,-23.32,0.985858586,2015,4
572,W1305,Flickran,2016,2015,W1305_2016,W1305_2015,F,2012,4,SolitaryF,-23.09,4.83,2.89,72,55,42487,4,2,6.98,6.98,-23.09,1.309090909,2015,4
570,W1209,Järpa,2016,2015,W1209_2016,W1209_2015,F,2011,5,SolitaryF,-23.25,4.56,2.81,55,52,42488,4,2,8.57,8.57,-23.25,1.057692308,2015,5
577,W1505,Gymåsa,2016,2015,W1505_2016,W1505_2015,F,NA,NA,SolitaryF,-23.32,4.6,2.82,112.6,61,42488,4,2,5.9,5.9,-23.32,1.845901639,2015,NA
718,W1408,Misan,2016,2015,W1408_2016,W1408_2015,F,2013,3,SolitaryF,-23.66,6.09,3.26,81.6,55,42489,4,2,5.18,5.18,-23.66,1.483636364,2015,3
717,W1206,Klumpa,2016,2015,W1206_2016,W1206_2015,F,2011,5,SolitaryF,-24.02,6.15,3.28,120,65,42490,4,2,4.64,4.64,-24.02,1.846153846,2015,5
568,W0716,Spjuta,2016,2015,W0716_2016,W0716_2015,F,2001,15,SolitaryF,-23,4.09,2.67,117.8,62,42491,5,2,6.09,6.09,-23,1.9,2015,15
567,W1319,Snygga,2016,2015,W1319_2016,W1319_2015,F,2009,7,WithCubs,-23.51,4.36,2.75,72.6,57,42491,5,2,10.22,10.22,-23.51,1.273684211,2015,7
714,W0104,Abborrgina,2016,2015,W0104_2016,W0104_2015,F,2000,16,WithCubs,-23.38,4.4,2.76,102,59,42492,5,2,8.9,8.9,-23.38,1.728813559,2015,16
571,W1017,Pässan,2016,2015,W1017_2016,W1017_2015,F,2009,7,WithCubs,-23.07,4.54,2.81,86.8,57,42492,5,2,8.51,8.51,-23.07,1.522807018,2015,7
579,W0605,Sälga,2016,2015,W0605_2016,W0605_2015,F,2005,11,WithCubs,-23.55,4.49,2.79,80.8,58,42493,5,2,8.27,8.27,-23.55,1.393103448,2015,11
578,W0706,Brända,2016,2015,W0706_2016,W0706_2015,F,2006,10,WithCubs,-23.3,4.63,2.83,83.6,59,42494,5,2,7.39,7.39,-23.3,1.416949153,2015,10
575,W1203,Pengel,2016,2015,W1203_2016,W1203_2015,F,2008,8,WithCubs,-23.8,5.17,2.99,77.8,56.5,42494,5,2,7.05,7.05,-23.8,1.37699115,2015,8
569,W1417,Brunna,2016,2015,W1417_2016,W1417_2015,F,NA,NA,WithCubs,-24.12,4.66,2.84,76,55,42494,5,2,12.72,12.72,-24.12,1.381818182,2015,NA
715,W0621,Stöa,2016,2015,W0621_2016,W0621_2015,F,2005,11,WithCubs,-23.12,4.42,2.77,93,62,42507,5,2,10.74,10.74,-23.12,1.5,2015,11
582,W0623,Verva,2016,2015,W0623_2016,W0623_2015,F,2005,11,WithCubs,-23.63,3.91,2.62,88,64,42507,5,2,11.05,11.05,-23.63,1.375,2015,11
581,W1112,Horrmunda,2016,2015,W1112_2016,W1112_2015,F,2010,6,WithCubs,-23.44,4.85,2.9,89.6,62,42507,5,2,7.77,7.77,-23.44,1.44516129,2015,6
580,W1614,KullaU2,2016,2015,W1614_2016,W1614_2015,F,2015,1,WithMother,-23.48,4.73,2.86,17.8,37,42508,5,2,13.02,13.02,-23.48,0.481081081,2015,1
453,W0217,Silina,2006,2005,W0217_2006,W0217_2005,F,2001,5,SolitaryF,-23.24,4.66,2.84,NA,NA,NA,13,1,1.54,3.1592,-23.46,NA,2005,5
539,W0713,Ambra,2008,2007,W0713_2008,W0713_2007,F,2006,2,WithMother,-22.88,5.36,3.05,NA,NA,NA,13,1,2.25,3.855,-23.056,NA,2007,2
