bearID,sex,year,bearyear,birth,age,litterID,repro,jan,reprocat,cubsfirstcount,cubseparation,cubage,statut,weaningage,ILI,dam,sire,matlitterID,sampleID,year.sampled,C13.suess,N15,mass,headcirc,condition,Cmonth,cort,littercond,littercort
W9208,F,1992,W9208.1992,1991,1,NA,4,m,Wmother,0,unknown,unknown,N,unknown,C,W8808,W8503,W8808.1991,102,1993,-22.59,3.87,39.5,50,0.79,4,3.64,,
W9507,F,1995,W9507.1995,1994,1,NA,4,m,Wmother,0,unknown,unknown,N,unknown,C,W8906,W8607,W8906.1994,57,1996,-23.2,3.64,28,42,0.67,4,4.94,,
W9504,F,1995,W9504.1995,1994,1,NA,4,m,Wmother,0,unknown,unknown,N,unknown,C,W9308,W8807,W9308.1994,55,1996,-22.8,4.52,35,46.5,0.75,5,3.76,,
W9613,F,1995,W9613.1995,1995,0,NA,4,m,Wmother,0,unknown,unknown,N,unknown,C,W8808,W8806,W8808.1995,72,1996,-23.37,4.44,26,43,0.6,4,5.53,,
W9605,F,1996,W9605.1996,1995,1,NA,4,m,Wmother,0,unknown,unknown,N,unknown,C,W8811,W9921,W8811.1995,26,1997,-22.34,4.81,53,47,1.13,4,2.32,,
W9605,F,1997,W9605.1997,1995,2,NA,4,m,Wmother,0,unknown,unknown,N,unknown,C,W8811,W9921,W8811.1995,137,1998,-22.1,6.16,64,57,1.12,4,2.43,,
W9615,F,1995,W9615.1995,1995,0,NA,4,m,Wmother,0,unknown,unknown,N,unknown,C,W8905,W9409,W8905.1995,74,1996,-22.95,4.48,21,39.5,0.53,4,5.77,,
W9601,F,1996,W9601.1996,1995,1,NA,4,m,Wmother,0,unknown,unknown,N,unknown,C,W9003,UNKNOWN19,W9003.1995,24,1997,-22.63,5.13,41,46,0.89,4,2.99,,
W9601,F,1997,W9601.1997,1995,2,NA,4,m,Wmother,0,unknown,unknown,N,unknown,C,W9003,UNKNOWN19,W9003.1995,136,1998,-22.99,4.87,72,54,1.33,4,3.09,,
W9602,F,1995,W9602.1995,1995,0,NA,4,m,Wmother,0,unknown,unknown,N,unknown,C,W9003,UNKNOWN27,W9003.1995,63,1996,-22.92,4.86,18,39,0.46,4,4.39,,
W0107,F,2004,W0107.2004,2000,4,NA,1,l,Sfem,0,unknown,unknown,N,unknown,C,W9003,W0801,W9003.2000,418,2005,-22.88,5.07,79,59,1.34,4,4.83,,
W9602,F,1996,W9602.1996,1995,1,NA,4,m,Wmother,0,unknown,unknown,N,unknown,C,W9003,UNKNOWN27,W9003.1995,25,1997,-22.28,5.12,45,45,1,4,2.31,,
W9606,F,1995,W9606.1995,1995,0,NA,4,m,Wmother,0,unknown,unknown,N,unknown,C,W9207,W9002,W9207.1995,66,1996,-23.66,4.67,21,41,0.51,4,4.51,,
W9607,F,1995,W9607.1995,1995,0,NA,4,m,Wmother,0,unknown,unknown,N,unknown,C,W9207,W9002,W9207.1995,67,1996,-23.56,4.54,21,40,0.53,4,4.33,,
W9703,F,1996,W9703.1996,1996,0,NA,4,m,Wmother,0,unknown,unknown,N,unknown,C,W8904,W9011,W8904.1996,32,1997,-22.61,5.85,37,43,0.86,4,3.75,,
W9804,F,1997,W9804.1997,1997,0,NA,4,m,Wmother,0,unknown,unknown,N,unknown,C,W9008,W9811,W9008.1997,147,1998,-23.17,4.81,27,43,0.63,4,4.18,,
W9805,F,1997,W9805.1997,1997,0,NA,4,m,Wmother,0,unknown,unknown,N,unknown,C,W9008,W9811,W9008.1997,148,1998,-23.22,4.8,25,40,0.63,4,4.69,,
W9808,F,1997,W9808.1997,1997,0,NA,4,m,Wmother,0,unknown,unknown,N,unknown,C,W9306,UNKNOWN19,W9306.1997,150,1998,-23.23,4.51,24,42,0.57,4,4.65,,
W9812,F,1997,W9812.1997,1997,0,NA,4,m,Wmother,0,unknown,unknown,N,unknown,C,W9308,W8807,W9308.1997,153,1998,-23.11,4.94,20,42,0.48,4,3.56,,
W9812,F,1997,W9812.1997,1997,0,NA,4,m,Wmother,0,unknown,unknown,N,unknown,C,W9308,W8807,W9308.1997,154,1998,-22.56,4.6,20,42,0.48,4,5.36,,
W9812,F,1999,W9812.1999,1997,2,NA,4,m,Wmother,0,unknown,unknown,N,unknown,C,W9308,W8807,W9308.1997,225,2000,-22.6,5.34,63,55,1.15,6,3.86,,
W9814,F,1997,W9814.1997,1997,0,NA,4,m,Wmother,0,unknown,unknown,N,unknown,C,W9308,W8807,W9308.1997,156,1998,-22.7,5.3,23,42,0.55,4,4.23,,
W9803,F,1997,W9803.1997,1997,0,NA,4,m,Wmother,0,unknown,unknown,N,unknown,C,W9310,V184106,W9310.1997,146,1998,-22.88,5.23,28,43,0.65,4,3.65,,
W9910,F,1998,W9910.1998,1998,0,NA,4,m,Wmother,0,unknown,unknown,N,unknown,C,W8808,02WW96,W8808.1998,177,1999,-22.84,5,27,50,0.54,6,4.37,,
W9911,F,1998,W9911.1998,1998,0,NA,4,m,Wmother,0,unknown,unknown,N,unknown,C,W8808,W9301,W8808.1998,178,1999,-22.99,4.92,22.5,38,0.59,4,4.42,,
W0323,F,2004,W0323.2004,2000,4,NA,1,l,Sfem,0,unknown,unknown,N,unknown,C,NA,NA,NA.2000,429,2005,-22.81,4.55,94,60,1.57,4,3.75,,
W9912,F,1998,W9912.1998,1998,0,NA,4,m,Wmother,0,unknown,unknown,N,unknown,C,W8808,UNKNOWN02,W8808.1998,179,1999,-22.88,4.79,21,39,0.54,4,4.31,,
W9919,F,1998,W9919.1998,1998,0,NA,4,m,Wmother,0,unknown,unknown,N,unknown,C,W8906,W9807,W8906.1998,186,1999,-22.78,5.26,22,40,0.55,4,4.24,,
W9908,F,1998,W9908.1998,1998,0,NA,4,m,Wmother,0,unknown,unknown,N,unknown,C,W9003,UNKNOWN19,W9003.1998,176,1999,-22.77,4.69,23,41.5,0.55,4,4.13,,
W9908,F,1999,W9908.1999,1998,1,NA,4,m,Wmother,0,unknown,unknown,N,unknown,C,W9003,UNKNOWN19,W9003.1998,227,2000,-22.51,4.46,51,49,1.04,6,3.3,,
W9902,F,1998,W9902.1998,1998,0,NA,4,m,Wmother,0,unknown,unknown,N,unknown,C,W9208,UNKNOWN11,W9208.1998,170,1999,-22.87,5.94,45,46,0.98,4,3.24,,
W9913,F,1998,W9913.1998,1998,0,NA,4,m,Wmother,0,unknown,unknown,N,unknown,C,W9404,W9311,W9404.1998,180,1999,-22.97,4.34,23,40,0.58,4,4.17,,
W9914,F,1998,W9914.1998,1998,0,NA,4,m,Wmother,0,unknown,unknown,N,unknown,C,W9404,W9311,W9404.1998,181,1999,-22.82,4.67,22,41,0.54,4,4.26,,
W9905,F,1998,W9905.1998,1998,0,NA,4,m,Wmother,0,unknown,unknown,N,unknown,C,W9904,V146007,W9904.1998,174,1999,-21.69,7.33,26,41,0.63,4,3.01,,
W0015,F,1999,W0015.1999,1999,0,NA,4,m,Wmother,0,unknown,unknown,N,unknown,C,W8904,00WW07,W8904.1999,205,2000,-22.94,5.72,36,41.5,0.87,4,3.43,,
W0021,F,1999,W0021.1999,1999,0,NA,4,m,Wmother,0,unknown,unknown,N,unknown,C,W9008,W9505,W9008.1999,834,2000,-23.25,4.6,30,40,0.75,4,7.45,,
W0008,F,1999,W0008.1999,1999,0,NA,4,m,Wmother,0,unknown,unknown,N,unknown,C,W9310,W0108,W9310.1999,189,2000,-23.28,4.65,32,40,0.8,4,4.16,,
W0010,F,1999,W0010.1999,1999,0,NA,4,m,Wmother,0,unknown,unknown,N,unknown,C,W9403,W9810,W9403.1999,200,2000,-23.15,5.23,30,38.5,0.78,4,4.14,,
W0018,F,1999,W0018.1999,1999,0,NA,4,m,Wmother,0,unknown,unknown,N,unknown,C,W9504,V235813,W9504.1999,208,2000,-22.99,5.75,27,38,0.71,4,3.92,,
W0019,F,1999,W0019.1999,1999,0,NA,4,m,Wmother,0,unknown,unknown,N,unknown,C,W9504,V235813,W9504.1999,209,2000,-22.87,5.66,24,37,0.65,4,3.73,,
W0020,F,1999,W0020.1999,1999,0,NA,4,m,Wmother,0,unknown,unknown,N,unknown,C,W9504,V235813,W9504.1999,210,2000,-22.95,5.69,24,36,0.67,4,4.93,,
W0004,F,1999,W0004.1999,1994,5,W0004.1999,2,b,Wcubs,1,no,0,P,1.5,P,NA,W9002,NA.1994,234,2000,-22.65,4.62,95,59,1.61,4,5.01,0.59,6.06
W0107,F,2000,W0107.2000,2000,0,NA,4,m,Wmother,0,unknown,unknown,N,unknown,C,W9003,W0801,W9003.2000,260,2001,-22.69,5.49,28.5,44,0.65,4,3.71,,
W0104,F,2000,W0104.2000,2000,0,NA,4,m,Wmother,0,unknown,unknown,N,unknown,C,W9909,UNKNOWN01,W9909.2000,257,2001,-22.81,5.21,34,45,0.76,4,4.13,,
W0105,F,2000,W0105.2000,2000,0,NA,4,m,Wmother,0,unknown,unknown,N,unknown,C,W9909,UNKNOWN01,W9909.2000,258,2001,-22.79,5.72,35,45,0.78,4,3.4,,
W0214,F,2001,W0214.2001,2001,0,NA,4,m,Wmother,0,unknown,unknown,N,unknown,C,W0004,UNKNOWN04,W0004.2001,300,2002,-23.04,4.72,27,41.5,0.65,4,5.32,,
W0208,F,2001,W0208.2001,2001,0,NA,4,m,Wmother,0,unknown,unknown,N,unknown,C,W0109,UNKNOWN03,W0109.2001,294,2002,-22.94,3.9,17,38,0.45,4,5.41,,
W0209,F,2001,W0209.2001,2001,0,NA,4,m,Wmother,0,unknown,unknown,N,unknown,C,W0109,W9701,W0109.2001,295,2002,-22.84,4.3,16,37,0.43,4,5.68,,
W0219,F,2001,W0219.2001,2001,0,NA,4,m,Wmother,0,unknown,unknown,N,unknown,C,W9008,W0202,W9008.2001,305,2002,-23.23,4.73,24,42,0.57,4,5.2,,
W0212,F,2001,W0212.2001,2001,0,NA,4,m,Wmother,0,unknown,unknown,N,unknown,C,W9307,W9701,W9307.2001,298,2002,-22.87,5.4,17,38,0.45,4,5.48,,
W0217,F,2001,W0217.2001,2001,0,NA,4,m,Wmother,0,unknown,unknown,N,unknown,C,W9403,UNKNOWN02,W9403.2001,303,2002,-22.97,4.72,10,35.5,0.28,4,5.51,,
W0010,F,2005,W0010.2005,1999,6,W0010.2005,2,b,Wcubs,2,no,0,P,1.5,P,W9403,W9810,W9403.1999,889,2006,-23.55,4.37,83,60,1.38,4,8.1,0.47,
W0018,F,2002,W0018.2002,1999,3,NA,1,l,Sfem,0,unknown,unknown,N,unknown,NKR,W9504,V235813,W9504.1999,334,2003,-22.52,4.78,88,58,1.52,4,4.57,,
W0205,F,2001,W0205.2001,2001,0,NA,4,m,Wmother,0,unknown,unknown,N,unknown,C,W9502,W0108,W9502.2001,291,2002,-23.06,5.06,18,38,0.47,4,4.82,,
W0104,F,2005,W0104.2005,2000,5,W0104.2005,2,b,Wcubs,2,no,0,P,2.5,P,W9909,UNKNOWN01,W9909.2000,890,2006,-22.95,4.36,77,59,1.31,4,11.35,0.46,15.59
W0318,F,2002,W0318.2002,2002,0,NA,4,m,Wmother,0,unknown,unknown,N,unknown,C,W9308,W0801,W9308.2002,867,2003,-22.87,5.51,25,41,0.61,4,6.38,,
W0311,F,2002,W0311.2002,2002,0,NA,4,m,Wmother,0,unknown,unknown,N,unknown,C,W9310,02WW06,W9310.2002,348,2003,-22.52,4.82,20,40,0.5,4,5.83,,
W0317,F,2002,W0317.2002,2002,0,NA,4,m,Wmother,0,unknown,unknown,N,unknown,C,W9615,W0233,W9615.2002,352,2003,-22.62,5.11,21,40,0.53,4,4.14,,
W0309,F,2002,W0309.2002,2002,0,NA,4,m,Wmother,0,unknown,unknown,N,unknown,C,W9804,V190306,W9804.2002,864,2003,-22.97,4.82,10,35,0.29,4,13.43,,
W0304,F,2002,W0304.2002,2002,0,NA,4,m,Wmother,0,unknown,unknown,N,unknown,C,W9909,V005505,W9909.2002,343,2003,-22.97,4.8,29,40.5,0.72,4,3.42,,
W0305,F,2002,W0305.2002,2002,0,NA,4,m,Wmother,0,unknown,unknown,N,unknown,C,W9909,V086305,W9909.2002,344,2003,-22.96,4.79,24,40.5,0.59,4,5,,
W0306,F,2002,W0306.2002,2002,0,NA,4,m,Wmother,0,unknown,unknown,N,unknown,C,W9909,V005505,W9909.2002,345,2003,-22.85,4.99,24.5,40.5,0.6,4,4.55,,
W0422,F,2003,W0422.2003,2003,0,NA,4,m,Wmother,0,unknown,unknown,N,unknown,C,W0004,W9401,W0004.2003,881,2004,-23.15,4.36,27,40,0.68,4,7.75,,
W0412,F,2003,W0412.2003,2003,0,NA,4,m,Wmother,0,unknown,unknown,N,unknown,C,W0109,V167506,W0109.2003,396,2004,-23.52,4.35,21,39,0.54,4,3.6,,
W0407,F,2003,W0407.2003,2003,0,NA,4,m,Wmother,0,unknown,unknown,N,unknown,C,W0234,W9401,W0234.2003,395,2004,-23.5,4.36,17,38,0.45,4,2.89,,
W0419,F,2003,W0419.2003,2003,0,NA,4,m,Wmother,0,unknown,unknown,N,unknown,C,W0237,V151510,W0237.2003,880,2004,-22.92,4.88,22,38.5,0.57,4,12.88,,
W0405,F,2003,W0405.2003,2003,0,NA,4,m,Wmother,0,unknown,unknown,N,unknown,C,W9007,W9916,W9007.2003,393,2004,-22.96,4.76,29,45,0.64,4,3.36,,
W0410,F,2003,W0410.2003,2003,0,NA,4,m,Wmother,0,unknown,unknown,N,unknown,C,W9307,W9701,W9307.2003,877,2004,-23.45,4.64,27,39,0.69,4,12.18,,
W0401,F,2003,W0401.2003,2003,0,NA,4,m,Wmother,0,unknown,unknown,N,unknown,C,W9502,UNKNOWN07,W9502.2003,389,2004,-23.4,4.61,21,40,0.53,4,4.39,,
W0402,F,2003,W0402.2003,2003,0,NA,4,m,Wmother,0,unknown,unknown,N,unknown,C,W9502,V118304,W9502.2003,390,2004,-23.05,4.9,30,42,0.71,4,3.9,,
W0402,F,2003,W0402.2003,2003,0,NA,4,m,Wmother,0,unknown,unknown,N,unknown,C,W9502,V118304,W9502.2003,402,2004,-23.61,4.85,30,42,0.71,4,4.35,,
W0403,F,2003,W0403.2003,2003,0,NA,4,m,Wmother,0,unknown,unknown,N,unknown,C,W9502,V118304,W9502.2003,391,2004,-23.1,4.83,26,42,0.62,4,4.01,,
W0415,F,2003,W0415.2003,2003,0,NA,4,m,Wmother,0,unknown,unknown,N,unknown,C,W9913,W0201,W9913.2003,399,2004,-23.25,4.41,27,41,0.66,4,3.1,,
W0416,F,2003,W0416.2003,2003,0,NA,4,m,Wmother,0,unknown,unknown,N,unknown,C,W9913,W0423,W9913.2003,400,2004,-23.23,4.35,25,45,0.56,4,3.79,,
W0508,F,2004,W0508.2004,2004,0,NA,4,m,Wmother,0,unknown,unknown,N,unknown,C,W0018,NA,W0018.2004,438,2005,-23.04,4.8,17,38.5,0.44,4,7.32,,
W0513,F,2004,W0513.2004,2004,0,NA,4,m,Wmother,0,unknown,unknown,N,unknown,C,W0236,V134008,W0236.2004,442,2005,-23.01,4.98,22,40,0.55,4,5.42,,
W0504,F,2004,W0504.2004,2004,0,NA,4,m,Wmother,0,unknown,unknown,N,unknown,C,W0326,W9301,W0326.2004,884,2005,-22.56,3.76,25,41,0.61,4,6.23,,
W0507,F,2004,W0507.2004,2004,0,NA,4,m,Wmother,0,unknown,unknown,N,unknown,C,W8906,W0230,W8906.2004,437,2005,-23.89,4.4,22,41,0.54,4,5.97,,
W0505,F,2004,W0505.2004,2004,0,NA,4,m,Wmother,0,unknown,unknown,N,unknown,C,W9101,V497311,W9101.2004,435,2005,-23.64,4.28,23.5,40,0.59,4,5.83,,
W0511,F,2004,W0511.2004,2004,0,NA,4,m,Wmother,0,unknown,unknown,N,unknown,C,W9804,W0102,W9804.2004,441,2005,-23.04,4.48,17,28,0.61,4,8.55,,
W0503,F,2004,W0503.2004,2004,0,NA,4,m,Wmother,0,unknown,unknown,N,unknown,C,W9806,W0233,W9806.2004,434,2005,-22.97,4.97,24,42,0.57,4,5.39,,
W0509,F,2004,W0509.2004,2004,0,NA,4,m,Wmother,0,unknown,unknown,N,unknown,C,W9903,NA,W9903.2004,439,2005,-22.81,4.16,22,43,0.51,4,6.52,,
W0620,F,2005,W0620.2005,2005,0,NA,4,m,Wmother,0,unknown,unknown,N,unknown,C,W0004,UNKNOWN06,W0004.2005,471,2006,-22.99,5.36,25,40,0.63,5,6.8,,
W0602,F,2005,W0602.2005,2005,0,NA,4,m,Wmother,0,unknown,unknown,N,unknown,C,W0104,V095408,W0104.2005,894,2006,-23.47,4.9,19,41,0.46,4,15.59,,
W0605,F,2005,W0605.2005,2005,0,NA,4,m,Wmother,0,unknown,unknown,N,unknown,C,W0229,UNKNOWN11,W0229.2005,896,2006,-23.38,4.61,20,38,0.53,4,13.15,,
W0606,F,2005,W0606.2005,2005,0,NA,4,m,Wmother,0,unknown,unknown,N,unknown,C,W0229,W0228,W0229.2005,897,2006,-23.17,4.82,20,38,0.53,4,12.76,,
W0616,F,2005,W0616.2005,2005,0,NA,4,m,Wmother,0,unknown,unknown,N,unknown,C,W0237,W0101,W0237.2005,469,2006,-22.93,5.03,25,42,0.6,5,5.22,,
W0611,F,2005,W0611.2005,2005,0,NA,4,m,Wmother,0,unknown,unknown,N,unknown,C,W0425,W0012,W0425.2005,899,2006,-23.32,4.91,15,35,0.43,4,10.22,,
W0607,F,2005,W0607.2005,2005,0,NA,4,m,Wmother,0,unknown,unknown,N,unknown,C,W8904,UNKNOWN12,W8904.2005,462,2006,-23.22,5.06,17,37,0.46,4,5.44,,
W0608,F,2005,W0608.2005,2005,0,NA,4,m,Wmother,0,unknown,unknown,N,unknown,C,W8904,UNKNOWN13,W8904.2005,463,2006,-23.49,5.14,24,40,0.6,4,9.82,,
W0609,F,2005,W0609.2005,2005,0,NA,4,m,Wmother,0,unknown,unknown,N,unknown,C,W8904,V434511,W8904.2005,464,2006,-23.23,5.29,22.5,39,0.58,4,6.53,,
W0603,F,2005,W0603.2005,2005,0,NA,4,m,Wmother,0,unknown,unknown,N,unknown,C,W9909,V095408,W9909.2005,461,2006,-23.06,5.67,41,48,0.85,4,3.67,,
W0621,F,2005,W0621.2005,2005,0,NA,4,m,Wmother,0,unknown,unknown,N,unknown,C,W9913,W0424,W9913.2005,472,2006,-23.28,4.53,18,40,0.45,5,4.53,,
W0107,F,2006,W0107.2006,2000,6,W0107.2006,2,b,Wcubs,1,no,0,P,1.5,P,W9003,W0801,W9003.2000,903,2007,-22.8,4.75,85,65,1.31,4,8.71,0.46,
W0623,F,2005,W0623.2005,2005,0,NA,4,m,Wmother,0,unknown,unknown,N,unknown,C,W9914,W0102,W9914.2005,474,2006,-22.95,5.43,20.5,42,0.49,5,5.4,,
W0709,F,2006,W0709.2006,2006,0,NA,4,m,Wmother,0,unknown,unknown,N,unknown,C,W0018,V184106,W0018.2006,908,2007,-23.01,5.46,25,41.5,0.6,4,11.65,,
W0701,F,2006,W0701.2006,2006,0,NA,4,m,Wmother,0,unknown,unknown,N,unknown,C,W0209,W0719,W0209.2006,905,2007,-23.34,5.03,20,40.5,0.49,4,9.56,,
W0702,F,2006,W0702.2006,2006,0,NA,4,m,Wmother,0,unknown,unknown,N,unknown,C,W0209,UNKNOWN09,W0209.2006,906,2007,-23.38,5.25,19,40.5,0.47,4,9.94,,
W0712,F,2006,W0712.2006,2006,0,NA,4,m,Wmother,0,unknown,unknown,N,unknown,C,W0517,UNKNOWN07,W0517.2006,507,2007,-23.11,5.12,12,37.5,0.32,4,7.64,,
W0713,F,2006,W0713.2006,2006,0,NA,4,m,Wmother,0,unknown,unknown,N,unknown,C,W0517,UNKNOWN07,W0517.2006,508,2007,-23.19,5.05,12,38,0.32,4,5.09,,
W0703,F,2006,W0703.2006,2006,0,NA,4,m,Wmother,0,unknown,unknown,N,unknown,C,W9806,W0012,W9806.2006,501,2007,-23.3,5.35,20.5,40,0.51,4,5.73,,
W0706,F,2006,W0706.2006,2006,0,NA,4,m,Wmother,0,unknown,unknown,N,unknown,C,W9814,W0327,W9814.2006,504,2007,-22.78,5.24,19,39,0.49,4,4.62,,
W0707,F,2006,W0707.2006,2006,0,NA,4,m,Wmother,0,unknown,unknown,N,unknown,C,W9814,W0327,W9814.2006,505,2007,-22.69,5.12,19,39,0.49,4,4.33,,
W0806,F,2007,W0806.2007,2007,0,NA,4,m,Wmother,0,unknown,unknown,N,unknown,C,W0010,UNKNOWN15,W0010.2007,546,2008,-22.92,4.14,15,39.5,0.38,4,4.35,,
W0806,F,2008,W0806.2008,2007,1,NA,4,m,Wmother,0,unknown,unknown,N,unknown,C,W0010,UNKNOWN15,W0010.2007,759,2009,-23.13,3.71,26,45,0.58,4,15.51,,
W0818,F,2007,W0818.2007,2007,0,NA,4,m,Wmother,0,unknown,unknown,N,unknown,C,W0237,V151510,W0237.2007,557,2008,-22.73,4.15,13,35.5,0.37,4,8.39,,
W0818,F,2008,W0818.2008,2007,1,NA,4,m,Wmother,0,unknown,unknown,N,unknown,C,W0237,V151510,W0237.2007,767,2009,-22.73,3.34,28,42,0.67,4,9.59,,
W0819,F,2007,W0819.2007,2007,0,NA,4,m,Wmother,0,unknown,unknown,N,unknown,C,W0237,V151510,W0237.2007,558,2008,-23.01,4.63,18,38,0.47,4,9.06,,
W0820,F,2007,W0820.2007,2007,0,NA,4,m,Wmother,0,unknown,unknown,N,unknown,C,W0237,V151510,W0237.2007,559,2008,-22.87,4.6,19,40,0.48,4,6.82,,
W0820,F,2008,W0820.2008,2007,1,NA,4,m,Wmother,0,unknown,unknown,N,unknown,C,W0237,V151510,W0237.2007,768,2009,-22.89,3.66,33,45,0.73,4,12.95,,
W0816,F,2007,W0816.2007,2007,0,NA,4,m,Wmother,0,unknown,unknown,N,unknown,C,W0326,UNKNOWN17,W0326.2007,555,2008,-22.52,4.63,19,40.5,0.47,4,4.64,,
W0817,F,2007,W0817.2007,2007,0,NA,4,m,Wmother,0,unknown,unknown,N,unknown,C,W0326,UNKNOWN16,W0326.2007,556,2008,-22.7,4.54,17,39,0.44,4,7.29,,
W0823,F,2007,W0823.2007,2007,0,NA,4,m,Wmother,0,unknown,unknown,N,unknown,C,W0425,W0327,W0425.2007,562,2008,-23.01,4.5,9.5,35,0.27,4,5.57,,
W0825,F,2007,W0825.2007,2007,0,NA,4,m,Wmother,0,unknown,unknown,N,unknown,C,W0425,V122608,W0425.2007,564,2008,-22.61,4.51,11.5,36,0.32,4,5.19,,
W0825,F,2008,W0825.2008,2007,1,NA,4,m,Wmother,0,unknown,unknown,N,unknown,C,W0425,V122608,W0425.2007,770,2009,-23.25,3.85,23,43,0.53,4,15.36,,
W0813,F,2008,W0813.2008,2007,1,NA,4,m,Wmother,0,unknown,unknown,N,unknown,C,W9101,W0717,W9101.2007,765,2009,-23.61,4.13,36,43,0.84,4,11.15,,
W0814,F,2007,W0814.2007,2007,0,NA,4,m,Wmother,0,unknown,unknown,N,unknown,C,W9101,W0308,W9101.2007,553,2008,-23.15,4.69,15,37.5,0.4,4,4.62,,
W0814,F,2008,W0814.2008,2007,1,NA,4,m,Wmother,0,unknown,unknown,N,unknown,C,W9101,W0308,W9101.2007,766,2009,-24.05,3.67,33,42,0.79,4,10.48,,
W0904,F,2008,W0904.2008,2008,0,NA,4,m,Wmother,0,unknown,unknown,N,unknown,C,W0229,W0718,W0229.2008,775,2009,-23.12,4.69,23,40,0.58,4,10.68,,
W0904,F,2009,W0904.2009,2008,1,NA,4,m,Wmother,0,unknown,unknown,N,unknown,C,W0229,W0718,W0229.2008,808,2010,-22.99,4.57,51,49,1.04,4,4.92,,
W1016,M,2009,W1016.2009,2009,0,NA,4,m,Wmother,NA,unknown,unknown,N,unknown,C,W0237,V434511,W0237.2009,827,2010,-22.93,4.38,18,39.5,0.46,4,6.9,,
W1017,F,2009,W1017.2009,2009,0,NA,4,m,Wmother,0,unknown,unknown,N,unknown,C,W0237,V434511,W0237.2009,828,2010,-22.94,4.29,18,40,0.45,4,7.9,,
W1006,F,2009,W1006.2009,2009,0,NA,4,m,Wmother,0,unknown,unknown,N,unknown,C,W0720,W0719,W0720.2009,817,2010,-23.14,4.82,14.5,38,0.38,4,9.59,,
W1006,F,2010,W1006.2010,2009,1,NA,4,m,Wmother,0,unknown,unknown,N,unknown,C,W0720,W0719,W0720.2009,697,2011,-22.98,4.5,23,45.5,0.51,4,7.84,,
W1011,F,2009,W1011.2009,2009,0,NA,4,m,Wmother,0,unknown,unknown,N,unknown,C,W0826,W0718,W0826.2009,822,2010,-22.79,4.56,17,34,0.5,4,8.78,,
W1009,F,2009,W1009.2009,2009,0,NA,4,m,Wmother,0,unknown,unknown,N,unknown,C,W9903,W0421,W9903.2009,820,2010,-23.26,4.67,17,38,0.45,4,12.87,,
W1114,F,2010,W1114.2010,2010,0,NA,4,m,Wmother,NA,unknown,unknown,N,unknown,C,W0219,W0424,W0219.2010,713,2011,-23.26,4.08,14,38,0.37,4,10.81,,
W1110,F,2010,W1110.2010,2010,0,NA,4,m,Wmother,0,unknown,unknown,N,unknown,C,W0326,UNKNOWN22,W0326.2010,709,2011,-22.73,4.51,14,39.5,0.35,4,12.01,,
W1111,F,2010,W1111.2010,2010,0,NA,4,m,Wmother,0,unknown,unknown,N,unknown,C,W0425,V498411,W0425.2010,710,2011,-23.03,4.41,8,36,0.22,4,11.45,,
W1106,F,2010,W1106.2010,2010,0,NA,4,m,Wmother,0,unknown,unknown,N,unknown,C,W0517,UNKNOWN15,W0517.2010,705,2011,-22.49,4.66,10,36,0.28,4,14.14,,
W1112,F,2010,W1112.2010,2010,0,NA,4,m,Wmother,0,unknown,unknown,N,unknown,C,W0623,W0225,W0623.2010,711,2011,-23.24,4.94,18.5,40.5,0.46,4,10.33,,
W1104,F,2010,W1104.2010,2010,0,NA,4,m,Wmother,0,unknown,unknown,N,unknown,C,W9615,W0718,W9615.2010,703,2011,-22.51,4.7,16,39,0.41,4,10.2,,
W9814,F,2000,W9814.2000,1997,3,NA,1,l,Sfem,0,unknown,unknown,N,unknown,C,W9308,W8807,W9308.1997,245,2001,-22.8,4.57,67,54,1.24,4,4.33,,
W1105,F,2010,W1105.2010,2010,0,NA,4,m,Wmother,0,unknown,unknown,N,unknown,C,W9615,W0718,W9615.2010,704,2011,-22.52,4.46,17,38.5,0.44,4,9.67,,
W1205,F,2011,W1205.2011,2011,0,NA,4,m,Wmother,0,unknown,unknown,N,unknown,C,W0104,W9701,W0104.2011,659,2012,-23.33,5.79,20,40,0.5,5,10.08,,
W1205,F,2012,W1205.2012,2011,1,NA,4,m,Wmother,0,unknown,unknown,N,unknown,C,W0104,W9701,W0104.2011,608,2013,-23.41,4.99,43,48,0.9,4,2.43,,
W1206,F,2011,W1206.2011,2011,0,NA,4,m,Wmother,0,unknown,unknown,N,unknown,C,W0104,V229012,W0104.2011,660,2012,-23.23,5.47,22.5,40.5,0.56,5,9.33,,
W1206,F,2012,W1206.2012,2011,1,NA,4,m,Wmother,0,unknown,unknown,N,unknown,C,W0104,V229012,W0104.2011,609,2013,-23.32,5.18,23,54,0.43,6,3.88,,
W1209,F,2011,W1209.2011,2011,0,NA,4,m,Wmother,0,unknown,unknown,N,unknown,C,W0716,W0408,W0716.2011,663,2012,-23.74,5.44,23,37,0.62,5,9.71,,
W1305,F,2012,W1305.2012,2012,0,NA,4,m,Wmother,0,unknown,unknown,N,unknown,C,W0303,V229513,W0303.2012,616,2013,-23.1,4.8,21.5,36,0.6,4,9.81,,
W1315,F,2012,W1315.2012,2012,0,NA,4,m,Wmother,0,unknown,unknown,N,unknown,C,W0425,W0805,W0425.2012,626,2013,-22.98,4.61,15,38,0.39,5,8.01,,
W1310,F,2012,W1310.2012,2012,0,NA,4,m,Wmother,0,unknown,unknown,N,unknown,C,W0621,UNKNOWN24,W0621.2012,621,2013,-21.98,4.66,18.5,41,0.45,4,9.72,,
W1311,F,2012,W1311.2012,2012,0,NA,4,m,Wmother,0,unknown,unknown,N,unknown,C,W0621,UNKNOWN24,W0621.2012,622,2013,-22.2,5.01,17,37,0.46,4,6.95,,
W0109,F,2001,W0109.2001,1994,7,W0109.2001,2,b,Wcubs,2,no,0,P,1.5,P,W0121,W9002,W0121.1994,285,2002,-22.75,3.81,76,57,1.33,4,4.84,0.44,5.55
W1303,F,2012,W1303.2012,2012,0,NA,4,m,Wmother,0,unknown,unknown,N,unknown,C,W9403,UNKNOWN23,W9403.2012,614,2013,-23.25,5.46,19,40.5,0.47,4,7.66,,
W0117,F,2000,W0117.2000,2000,0,NA,4,m,Wmother,0,unknown,unknown,N,unknown,NKR,W8906,W9301,W8906.2000,249,2001,-21.95,5.64,18,39,0.46,4,4.97,,
W0120,F,2001,W0120.2001,1999,2,NA,1,unknown,Sfem,0,unknown,unknown,N,unknown,NKR,W9007,W0108,W9007.1999,286,2002,-23.03,4.12,58,52,1.12,4,3.89,,
W0120,F,2002,W0120.2002,1999,3,NA,1,l,Sfem,0,unknown,unknown,N,unknown,NKR,W9007,W0108,W9007.1999,337,2003,-22.68,3.7,80,60,1.33,5,5.24,,
W0208,F,2003,W0208.2003,2001,2,NA,1,l,Sfem,0,unknown,unknown,N,unknown,NKR,W0109,UNKNOWN03,W0109.2001,379,2004,-23.13,3.92,50,49,1.02,4,3.46,,
W0208,F,2004,W0208.2004,2001,3,NA,1,l,Sfem,0,unknown,unknown,N,unknown,NKR,W0109,UNKNOWN03,W0109.2001,419,2005,-22.85,3.95,65,53,1.23,5,4.87,,
W0209,F,2003,W0209.2003,2001,2,NA,1,l,Sfem,0,unknown,unknown,N,unknown,NKR,W0109,W9701,W0109.2001,380,2004,-22.97,4.45,61,52.5,1.16,4,3,,
W0209,F,2004,W0209.2004,2001,3,NA,1,l,Sfem,0,unknown,unknown,N,unknown,NKR,W0109,W9701,W0109.2001,420,2005,-23.2,4.94,71,56,1.27,4,3.83,,
W0209,F,2006,W0209.2006,2001,5,W0209.2006,2,b,Wcubs,3,no,0,P,1.5,P,W0109,W9701,W0109.2001,904,2007,-23.38,4.75,81,59,1.37,4,7.97,0.49,9.75
W0212,F,2004,W0212.2004,2001,3,NA,1,l,Sfem,0,unknown,unknown,N,unknown,NKR,W9307,W9701,W9307.2001,421,2005,-23.14,4.71,72,55,1.31,4,5.73,,
W0212,F,2005,W0212.2005,2001,4,NA,1,l,Sfem,0,unknown,unknown,N,unknown,NKR,W9307,W9701,W9307.2001,452,2006,-23.26,5.16,93,60,1.55,4,3.13,,
W0212,F,2006,W0212.2006,2001,5,W0212.2006,2,b,Wcubs,,yes,0,P,litterloss,P,W9307,W9701,W9307.2001,484,2007,-23.48,5.09,81,59,1.37,5,3.82,0,0
W1304,F,2012,W1304.2012,2012,0,NA,4,m,Wmother,0,unknown,unknown,N,unknown,C,W9403,UNKNOWN14,W9403.2012,615,2013,-23.21,5.66,19,39,0.49,4,12.79,,
W0217,F,2003,W0217.2003,2001,2,NA,1,l,Sfem,0,unknown,unknown,N,unknown,NKR,W9403,UNKNOWN02,W9403.2001,382,2004,-23.29,4.22,45,46,0.98,4,3.49,,
W1309,F,2012,W1309.2012,2012,0,NA,4,m,Wmother,0,unknown,unknown,N,unknown,C,W9914,W0320,W9914.2012,620,2013,-22.19,5.3,21,40,0.53,4,10.79,,
W0217,F,2004,W0217.2004,2001,3,NA,1,l,Sfem,0,unknown,unknown,N,unknown,NKR,W9403,UNKNOWN02,W9403.2001,422,2005,-23.9,4.21,53,53,1,4,4.11,,
W0219,F,2004,W0219.2004,2001,3,NA,1,l,Sfem,0,unknown,unknown,N,unknown,NKR,W9008,W0202,W9008.2001,423,2005,-23.51,4.81,78,59,1.32,4,5.33,,
W1408,F,2015,W1408.2015,2013,2,NA,4,m,Wmother,0,unknown,unknown,N,unknown,C,W0620,W1320,W0620.2013,718,2016,-23.66,6.09,81.6,55,1.48,4,5.18,,
W0221,F,2001,W0221.2001,2001,0,NA,4,m,Wmother,0,unknown,unknown,N,unknown,NKR,W9404,W9311,W9404.2001,307,2002,-23.18,4.46,23,40,0.58,4,5.2,,
W0221,F,2004,W0221.2004,2001,3,NA,1,l,Sfem,0,unknown,unknown,N,unknown,NKR,W9404,W9311,W9404.2001,424,2005,-23.01,3.95,76,59,1.29,4,4.9,,
W0223,F,2001,W0223.2001,2001,0,NA,4,m,Wmother,0,unknown,unknown,N,unknown,NKR,W9404,W9505,W9404.2001,309,2002,-23.04,4.7,21,40,0.53,4,6.03,,
W0229,F,2003,W0229.2003,1998,5,NA,1,l,Sfem,0,unknown,unknown,N,unknown,NKR,01WW09,W9921,01WW09.1998,383,2004,-22.66,4.65,98,60,1.63,4,2.46,,
W0229,F,2004,W0229.2004,1998,6,NA,1,l,Sfem,0,unknown,unknown,N,unknown,NKR,01WW09,W9921,01WW09.1998,426,2005,-22.77,4.81,92,58,1.59,4,3.79,,
W0229,F,2005,W0229.2005,1998,7,W0229.2005,2,b,Wcubs,3,no,0,P,1.5,P,01WW09,W9921,01WW09.1998,891,2006,-22.96,4.34,89,60,1.48,4,8.82,0.53,12.96
W0231,F,2003,W0231.2003,1992,11,W0231.2003,2,b,Wcubs,3,no,0,M,2.5,P,W0121,W8809,W0121.1992,384,2004,-23.62,4.61,98,65,1.51,4,6.19,0.67,
W0234,F,2003,W0234.2003,1999,4,W0234.2003,2,b,Wcubs,3,no,0,P,1.5,P,NA,NA,NA.1999,386,2004,-23.31,4.15,74,56,1.32,4,3.46,0.45,2.89
W0236,F,2004,W0236.2004,1999,5,W0236.2004,2,b,Wcubs,1,no,0,P,1.5,P,V127808,NA,V127808.1999,427,2005,-23.06,3.64,91,59,1.54,4,5.17,0.55,5.42
W0237,F,2003,W0237.2003,1997,6,W0237.2003,2,b,Wcubs,2,no,0,P,1.5,P,NA,NA,NA.1997,874,2004,-22.95,3.82,93,61,1.52,4,6.57,0.57,12.88
W0303,F,2002,W0303.2002,2002,0,NA,4,m,Wmother,0,unknown,unknown,N,unknown,NKR,W8906,W0012,W8906.2002,342,2003,-23.11,5.52,18,38,0.47,4,4.24,,
W0303,F,2004,W0303.2004,2002,2,NA,1,l,Sfem,0,unknown,unknown,N,unknown,NKR,W8906,W0012,W8906.2002,428,2005,-23.18,4.14,49,49,1,4,4.54,,
W0326,F,2004,W0326.2004,1993,11,W0326.2004,2,b,Wcubs,2,no,0,M,2.5,P,NA,NA,NA.1993,883,2005,-22.59,3.95,96,62,1.55,4,8.28,0.61,6.23
W0405,F,2006,W0405.2006,2003,3,NA,1,l,Sfem,0,unknown,unknown,N,unknown,NKR,W9007,W9916,W9007.2003,487,2007,-22.92,5.04,72,57.5,1.25,6,2.25,,
W0407,F,2005,W0407.2005,2003,2,NA,1,l,Sfem,0,unknown,unknown,N,unknown,NKR,W0234,W9401,W0234.2003,455,2006,-22.81,4.85,65.72,51,1.29,6,4.85,,
W0410,F,2005,W0410.2005,2003,2,NA,1,l,Sfem,0,unknown,unknown,N,unknown,NKR,W9307,W9701,W9307.2003,456,2006,-23.36,4.51,54,49.5,1.09,4,4.93,,
W0410,F,2006,W0410.2006,2003,3,NA,1,l,Sfem,0,unknown,unknown,N,unknown,NKR,W9307,W9701,W9307.2003,488,2007,-23.38,4.71,72,58,1.24,4,2.78,,
W0411,F,2005,W0411.2005,2003,2,NA,1,l,Sfem,0,unknown,unknown,N,unknown,NKR,W9307,W9701,W9307.2003,457,2006,-23.34,4.92,60,51,1.18,4,3.43,,
W0411,F,2006,W0411.2006,2003,3,NA,1,l,Sfem,0,unknown,unknown,N,unknown,NKR,W9307,W9701,W9307.2003,489,2007,-23.64,5.11,85,57,1.49,4,3.87,,
W0411,F,2007,W0411.2007,2003,4,W0411.2007,2,b,Wcubs,1,unknown,0,P,litterloss,P,W9307,W9701,W9307.2003,525,2008,-23.2,4.77,77,58,1.33,4,7.68,0,0
W0415,F,2006,W0415.2006,2003,3,NA,1,l,Sfem,0,unknown,unknown,N,unknown,NKR,W9913,W0201,W9913.2003,490,2007,-22.65,4.39,74,57,1.3,5,2.6,,
W0416,F,2006,W0416.2006,2003,3,NA,1,l,Sfem,0,unknown,unknown,N,unknown,NKR,W9913,W0423,W9913.2003,491,2007,-23.01,4.52,76,59,1.29,4,3.02,,
W0422,F,2005,W0422.2005,2003,2,NA,1,l,Sfem,0,unknown,unknown,N,unknown,NKR,W0004,W9401,W0004.2003,458,2006,-22.83,4.63,65,53,1.23,4,3.81,,
W0422,F,2006,W0422.2006,2003,3,NA,1,l,Sfem,0,unknown,unknown,N,unknown,NKR,W0004,W9401,W0004.2003,492,2007,-22.8,4.67,87,61,1.43,5,3.85,,
W0422,F,2007,W0422.2007,2003,4,NA,1,l,Sfem,0,unknown,unknown,N,unknown,NKR,W0004,W9401,W0004.2003,526,2008,-22.71,4.62,83,61,1.36,4,3.57,,
W0422,F,2007,W0422.2007,2003,4,NA,1,l,Sfem,0,unknown,unknown,N,unknown,NKR,W0004,W9401,W0004.2003,526,2008,-22.71,4.62,83,61,1.36,4,3.57,,
W0422,F,2008,W0422.2008,2003,5,NA,1,l,Sfem,0,unknown,unknown,N,unknown,NKR,W0004,W9401,W0004.2003,741,2009,-22.7,4.18,82,62,1.32,4,8.8,,
W0503,F,2006,W0503.2006,2004,2,NA,1,l,Sfem,0,unknown,unknown,N,unknown,NKR,W9806,W0233,W9806.2004,493,2007,-23,4.74,63,56,1.13,4,4.61,,
W0503,F,2007,W0503.2007,2004,3,NA,1,l,Sfem,0,unknown,unknown,N,unknown,NKR,W9806,W0233,W9806.2004,529,2008,-22.72,4.86,70,57,1.23,4,4.65,,
W0507,F,2006,W0507.2006,2004,2,NA,1,l,Sfem,0,unknown,unknown,N,unknown,NKR,W8906,W0230,W8906.2004,494,2007,-22.77,4.83,59,53.5,1.1,4,2.72,,
W0507,F,2007,W0507.2007,2004,3,NA,1,l,Sfem,0,unknown,unknown,N,unknown,NKR,W8906,W0230,W8906.2004,531,2008,-22.74,4.16,63,58,1.09,4,2.59,,
W0507,F,2008,W0507.2008,2004,4,W0507.2008,2,b,Wcubs,2,yes,0,P,litterloss,P,W8906,W0230,W8906.2004,744,2009,-22.46,4.39,96,63,1.52,4,7.54,0,0
W0517,F,2006,W0517.2006,2001,5,W0517.2006,2,b,Wcubs,2,no,0,P,2.5,P,NA,NA,NA.2001,495,2007,-23.18,4.57,62,53.5,1.16,4,6.07,0.32,6.36
W0605,F,2009,W0605.2009,2005,4,NA,1,l,Sfem,0,unknown,unknown,N,unknown,NKR,W0229,UNKNOWN11,W0229.2005,798,2010,-22.95,4.69,70,58.5,1.2,4,3.78,,
W0605,F,2010,W0605.2010,2005,5,NA,1,l,Sfem,0,unknown,unknown,N,unknown,NKR,W0229,UNKNOWN11,W0229.2005,672,2011,-22.69,4.74,73,57,1.28,4,5.61,,
W0605,F,2011,W0605.2011,2005,6,NA,1,l,Sfem,0,unknown,unknown,N,unknown,NKR,W0229,UNKNOWN11,W0229.2005,635,2012,-22.99,4.48,67,57,1.18,5,5.2,,
W0605,F,2012,W0605.2012,2005,7,W0605.2012,2,b,Wcubs,2,no,0,P,2.5,P,W0229,UNKNOWN11,W0229.2005,588,2013,-23.2,4.63,72,57,1.26,4,8.18,0.43,
W1614,F,2015,W1614.2015,2015,0,NA,4,m,Wmother,NA,unknown,unknown,N,unknown,C,W9903,NA,W9903.2015,580,2016,-23.48,4.73,17.8,37,0.48,5,13.02,,
W0610,F,2007,W0610.2007,2005,2,NA,1,l,Sfem,0,unknown,unknown,N,unknown,NKR,W0425,UNKNOWN03,W0425.2005,532,2008,-22.64,4.01,28,44,0.64,4,2.96,,
W0610,F,2008,W0610.2008,2005,3,NA,1,l,Sfem,0,unknown,unknown,N,unknown,NKR,W0425,UNKNOWN03,W0425.2005,745,2009,-22.87,4.36,45,46,0.98,4,16.43,,
W0610,F,2009,W0610.2009,2005,4,NA,1,l,Sfem,0,unknown,unknown,N,unknown,NKR,W0425,UNKNOWN03,W0425.2005,799,2010,-22.79,4.4,47,50,0.94,4,4.69,,
W0610,F,2009,W0610.2009,2005,4,NA,1,l,Sfem,0,unknown,unknown,N,unknown,NKR,W0425,UNKNOWN03,W0425.2005,801,2010,-23.14,4.31,47,50,0.94,4,5.52,,
W0610,F,2010,W0610.2010,2005,5,NA,1,l,Sfem,0,unknown,unknown,N,unknown,NKR,W0425,UNKNOWN03,W0425.2005,674,2011,-22.45,3.86,51,52,0.98,4,5.69,,
W0610,F,2011,W0610.2011,2005,6,NA,1,l,Sfem,0,unknown,unknown,N,unknown,NKR,W0425,UNKNOWN03,W0425.2005,636,2012,-22.78,4.81,61.5,52,1.18,5,5.26,,
W0610,F,2012,W0610.2012,2005,7,W0610.2012,2,b,Wcubs,,yes,0,P,litterloss,P,W0425,UNKNOWN03,W0425.2005,590,2013,-23.13,4.49,75,54,1.39,4,9.85,0,0
W0611,F,2008,W0611.2008,2005,3,NA,1,l,Sfem,0,unknown,unknown,N,unknown,NKR,W0425,W0012,W0425.2005,746,2009,-23.06,4.06,46,47,0.98,4,8.32,,
W0611,F,2009,W0611.2009,2005,4,NA,1,l,Sfem,0,unknown,unknown,N,unknown,NKR,W0425,W0012,W0425.2005,800,2010,-23.15,4.24,48,50.5,0.95,4,5.19,,
W0611,F,2010,W0611.2010,2005,5,NA,1,l,Sfem,0,unknown,unknown,N,unknown,NKR,W0425,W0012,W0425.2005,675,2011,-22.39,4.63,55,51,1.08,4,5.83,,
W0611,F,2011,W0611.2011,2005,6,NA,1,l,Sfem,0,unknown,unknown,N,unknown,NKR,W0425,W0012,W0425.2005,637,2012,-22.77,4.47,81.9,56,1.46,5,6.74,,
W0611,F,2012,W0611.2012,2005,7,NA,1,l,Sfem,0,unknown,unknown,N,unknown,NKR,W0425,W0012,W0425.2005,589,2013,-22.64,5.51,79,54,1.46,4,13.91,,
W0616,F,2008,W0616.2008,2005,3,NA,1,l,Sfem,0,unknown,unknown,N,unknown,NKR,W0237,W0101,W0237.2005,748,2009,-22.92,4.39,77,62,1.24,4,8.81,,
W0616,F,2009,W0616.2009,2005,4,NA,1,l,Sfem,0,unknown,unknown,N,unknown,NKR,W0237,W0101,W0237.2005,802,2010,-22.86,4.5,81,58,1.4,4,4.83,,
W0620,F,2007,W0620.2007,2005,2,NA,1,l,Sfem,0,unknown,unknown,N,unknown,NKR,W0004,UNKNOWN06,W0004.2005,534,2008,-22.88,4.61,76,57,1.33,5,4.2,,
W0620,F,2008,W0620.2008,2005,3,NA,1,l,Sfem,0,unknown,unknown,N,unknown,NKR,W0004,UNKNOWN06,W0004.2005,749,2009,-22.69,4.69,77,58,1.33,4,9.21,,
W0620,F,2008,W0620.2008,2005,3,NA,1,l,Sfem,0,unknown,unknown,N,unknown,NKR,W0004,UNKNOWN06,W0004.2005,749,2009,-22.69,4.69,77,58,1.33,4,9.21,,
W0621,F,2008,W0621.2008,2005,3,NA,1,l,Sfem,0,unknown,unknown,N,unknown,NKR,W9913,W0424,W9913.2005,750,2009,-22.52,4.33,78,57,1.37,4,6.99,,
W0621,F,2010,W0621.2010,2005,5,W0621.2010,2,b,Wcubs,3,yes,0,P,litterloss,P,W9913,W0424,W9913.2005,676,2011,-22.87,4.57,83,60,1.38,4,7.05,0,0
W0622,F,2005,W0622.2005,2005,0,NA,4,m,Wmother,0,unknown,unknown,N,unknown,NKR,W9913,W0424,W9913.2005,473,2006,-23.37,4.81,20.5,40,0.51,5,7.58,,
W0622,F,2008,W0622.2008,2005,3,NA,1,l,Sfem,0,unknown,unknown,N,unknown,NKR,W9913,W0424,W9913.2005,751,2009,-23.25,4.53,78,61,1.28,5,13.05,,
W0622,F,2009,W0622.2009,2005,4,NA,1,l,Sfem,0,unknown,unknown,N,unknown,NKR,W9913,W0424,W9913.2005,803,2010,-23.36,3.95,98,63,1.56,4,4.67,,
W0623,F,2008,W0623.2008,2005,3,NA,1,l,Sfem,0,unknown,unknown,N,unknown,NKR,W9914,W0102,W9914.2005,752,2009,-22.78,4.28,69,60,1.15,4,9.14,,
W0623,F,2010,W0623.2010,2005,5,W0623.2010,2,b,Wcubs,2,no,0,P,1.5,P,W9914,W0102,W9914.2005,677,2011,-23.22,4.4,70,57,1.23,4,10.91,0.46,10.33
W0624,F,2007,W0624.2007,1989,18,W0624.2007,2,b,Wcubs,,yes,0,M,litterloss,P,NA,NA,NA.1989,536,2008,-22.78,4.83,118,65,1.82,5,4.26,0,0
W0703,F,2008,W0703.2008,2006,2,NA,1,l,Sfem,0,unknown,unknown,N,unknown,NKR,W9806,W0012,W9806.2006,754,2009,-22.86,4.17,51,52,0.98,4,6.48,,
W0703,F,2009,W0703.2009,2006,3,NA,1,l,Sfem,0,unknown,unknown,N,unknown,NKR,W9806,W0012,W9806.2006,832,2010,-22.86,4.79,59,51,1.16,4,3.55,,
W0703,F,2010,W0703.2010,2006,4,NA,1,l,Sfem,0,unknown,unknown,N,unknown,NKR,W9806,W0012,W9806.2006,678,2011,-22.97,4.81,74,56,1.32,5,4.3,,
W0706,F,2009,W0706.2009,2006,3,NA,1,l,Sfem,0,unknown,unknown,N,unknown,NKR,W9814,W0327,W9814.2006,843,2010,-23.13,4.27,61,56,1.09,4,5.43,,
W0713,F,2009,W0713.2009,2006,3,NA,1,l,Sfem,0,unknown,unknown,N,unknown,NKR,W0517,UNKNOWN07,W0517.2006,844,2010,-22.96,4.74,46,50,0.92,4,6.82,,
W0713,F,2012,W0713.2012,2006,6,NA,1,l,Sfem,0,unknown,unknown,N,unknown,NKR,W0517,UNKNOWN07,W0517.2006,594,2013,-23.01,5.17,77,58,1.33,5,24.06,,
W0806,F,2009,W0806.2009,2007,2,NA,1,l,Sfem,0,unknown,unknown,N,unknown,NKR,W0010,UNKNOWN15,W0010.2007,851,2010,-23.35,3.93,45,47,0.96,4,6.34,,
W0806,F,2010,W0806.2010,2007,3,NA,1,l,Sfem,0,unknown,unknown,N,unknown,NKR,W0010,UNKNOWN15,W0010.2007,684,2011,-22.68,4.59,51,51,1,4,9.63,,
W0806,F,2011,W0806.2011,2007,4,NA,1,l,Sfem,0,unknown,unknown,N,unknown,NKR,W0010,UNKNOWN15,W0010.2007,643,2012,-22.82,4.49,67,54,1.24,4,6.74,,
W0806,F,2012,W0806.2012,2007,5,NA,1,l,Sfem,0,unknown,unknown,N,unknown,NKR,W0010,UNKNOWN15,W0010.2007,597,2013,-22.93,5.09,77,57,1.35,5,6.16,,
W0818,F,2010,W0818.2010,2007,3,NA,1,l,Sfem,0,unknown,unknown,N,unknown,NKR,W0237,V151510,W0237.2007,688,2011,-22.26,4.03,48,50,0.96,4,6.11,,
W0818,F,2010,W0818.2010,2007,3,NA,1,l,Sfem,0,unknown,unknown,N,unknown,NKR,W0237,V151510,W0237.2007,688,2011,-22.26,4.03,48,50,0.96,4,6.11,,
W0818,F,2011,W0818.2011,2007,4,NA,1,l,Sfem,0,unknown,unknown,N,unknown,NKR,W0237,V151510,W0237.2007,646,2012,-22.7,4.3,54.5,53,1.03,4,6.01,,
W0818,F,2012,W0818.2012,2007,5,NA,1,l,Sfem,0,unknown,unknown,N,unknown,NKR,W0237,V151510,W0237.2007,600,2013,-22.79,4.31,69,57,1.21,4,3.8,,
W0818,F,2015,W0818.2015,2007,8,NA,1,l,Sfem,0,unknown,unknown,N,unknown,NKR,W0237,V151510,W0237.2007,574,2016,-21.06,4.38,87.4,58,1.51,4,7.11,,
W0820,F,2009,W0820.2009,2007,2,NA,1,l,Sfem,0,unknown,unknown,N,unknown,NKR,W0237,V151510,W0237.2007,855,2010,-22.78,4.1,55,51,1.08,6,12.34,,
W0820,F,2010,W0820.2010,2007,3,NA,1,l,Sfem,0,unknown,unknown,N,unknown,NKR,W0237,V151510,W0237.2007,689,2011,-22.51,4.14,57,53.5,1.07,4,7.69,,
W0820,F,2010,W0820.2010,2007,3,NA,1,l,Sfem,0,unknown,unknown,N,unknown,NKR,W0237,V151510,W0237.2007,689,2011,-22.51,4.14,57,53.5,1.07,4,7.69,,
W0820,F,2010,W0820.2010,2007,3,NA,1,l,Sfem,0,unknown,unknown,N,unknown,NKR,W0237,V151510,W0237.2007,689,2011,-22.51,4.14,57,53.5,1.07,4,7.69,,
W0820,F,2011,W0820.2011,2007,4,NA,1,l,Sfem,0,unknown,unknown,N,unknown,NKR,W0237,V151510,W0237.2007,647,2012,-23,4.26,62,55,1.13,4,4.79,,
W0825,F,2011,W0825.2011,2007,4,NA,1,l,Sfem,0,unknown,unknown,N,unknown,NKR,W0425,V122608,W0425.2007,648,2012,-23.3,4.11,49.5,51,0.97,4,6.06,,
W0825,F,2011,W0825.2011,2007,4,NA,1,l,Sfem,0,unknown,unknown,N,unknown,NKR,W0425,V122608,W0425.2007,648,2012,-23.3,4.11,49.5,51,0.97,4,6.06,,
W0825,F,2012,W0825.2012,2007,5,NA,1,l,Sfem,0,unknown,unknown,N,unknown,NKR,W0425,V122608,W0425.2007,601,2013,-23.52,4.55,58,53,1.09,4,7.38,,
W0826,F,2009,W0826.2009,1997,12,W0826.2009,2,b,Wcubs,3,no,0,M,2.5,P,W0124,NA,W0124.1997,856,2010,-22.68,4.11,83,62,1.34,4,10.04,0.47,
W0904,F,2011,W0904.2011,2008,3,NA,1,l,Sfem,0,unknown,unknown,N,unknown,NKR,W0229,W0718,W0229.2008,649,2012,-22.85,4.99,63,52,1.21,4,4.39,,
W0904,F,2011,W0904.2011,2008,3,NA,1,l,Sfem,0,unknown,unknown,N,unknown,NKR,W0229,W0718,W0229.2008,649,2012,-22.85,4.99,63,52,1.21,4,4.39,,
W1011,F,2012,W1011.2012,2009,3,NA,1,l,Sfem,0,unknown,unknown,N,unknown,NKR,W0826,W0718,W0826.2009,604,2013,-22.88,5.02,55.5,53,1.05,5,4.34,,
W1011,F,2012,W1011.2012,2009,3,NA,1,l,Sfem,0,unknown,unknown,N,unknown,NKR,W0826,W0718,W0826.2009,604,2013,-22.88,5.02,55.5,53,1.05,5,4.34,,
W1017,F,2012,W1017.2012,2009,3,NA,1,l,Sfem,0,unknown,unknown,N,unknown,NKR,W0237,V434511,W0237.2009,605,2013,-23.04,4.73,64,55,1.16,4,4.93,,
W1017,F,2012,W1017.2012,2009,3,NA,1,l,Sfem,0,unknown,unknown,N,unknown,NKR,W0237,V434511,W0237.2009,605,2013,-23.04,4.73,64,55,1.16,4,4.93,,
W1110,F,2014,W1110.2014,2010,4,NA,1,l,Sfem,0,unknown,unknown,N,unknown,NKR,W0326,UNKNOWN22,W0326.2010,722,2015,-23.1,4.67,62.2,52.5,1.18,4,4.7,,
W1110,F,2015,W1110.2015,2010,5,NA,1,l,Sfem,0,unknown,unknown,N,unknown,NKR,W0326,UNKNOWN22,W0326.2010,716,2016,-23.31,4.94,82.5,56,1.47,4,7.51,,
W1203,F,2015,W1203.2015,2008,7,W1203.2015,2,b,Wcubs,3,no,0,P,1.5,P,NA,W9301,NA.2008,575,2016,-23.8,5.17,77.8,56.5,1.38,5,7.05,0.35,
W1205,F,2014,W1205.2014,2011,3,NA,1,l,Sfem,0,unknown,unknown,N,unknown,NKR,W0104,W9701,W0104.2011,719,2015,-23.44,5.42,74.5,55,1.35,4,6.26,,
W1206,F,2014,W1206.2014,2011,3,NA,1,l,Sfem,0,unknown,unknown,N,unknown,NKR,W0104,V229012,W0104.2011,720,2015,-23.77,5.66,90.6,60,1.51,4,6.33,,
W1206,F,2015,W1206.2015,2011,4,W1206.2015,2,b,Wcubs,,yes,0,P,litterloss,P,W0104,V229012,W0104.2011,717,2016,-24.02,6.15,120,65,1.85,4,4.64,0,0
W0219,F,2009,W0219.2009,2001,8,W0219.2009,2,b,Wcubs,1,yes,0,M,litterloss,O,W9008,W0202,W9008.2001,793,2010,-23.63,4.9,84,63,1.33,5,8.4,0,0
W1209,F,2015,W1209.2015,2011,4,NA,1,l,Sfem,0,unknown,unknown,N,unknown,NKR,W0716,W0408,W0716.2011,570,2016,-23.25,4.56,55,52,1.06,4,8.57,,
W0503,F,2008,W0503.2008,2004,4,W0503.2008,2,b,Wcubs,0,yes,0,P,litterloss,FV,W9806,W0233,W9806.2004,743,2009,-22.89,4.71,90,63,1.43,4,7.79,0,0
W0504,F,2009,W0504.2009,2004,5,W0504.2009,2,b,Wcubs,2,yes,0,M,litterloss,O,W0326,W9301,W0326.2004,797,2010,-22.83,4.22,80,62,1.29,4,4.43,0,0
W1304,F,2015,W1304.2015,2012,3,NA,1,l,Sfem,0,unknown,unknown,N,unknown,NKR,W9403,UNKNOWN14,W9403.2012,573,2016,-23.32,4.75,48.8,49.5,0.99,4,7.32,,
W1305,F,2015,W1305.2015,2012,3,NA,1,l,Sfem,0,unknown,unknown,N,unknown,NKR,W0303,V229513,W0303.2012,572,2016,-23.09,4.83,72,55,1.31,4,6.98,,
W8811,F,1998,W8811.1998,1978,20,NA,1,l,Sfem,0,unknown,unknown,N,unknown,NKR,NA,NA,NA.1978,158,1999,-22.6,6.1,140,64,2.19,4,3.41,,
W9101,F,1996,W9101.1996,1990,6,W9101.1996,2,b,Wcubs,,yes,0,P,litterloss,P,W8906,W8607,W8906.1990,8,1997,-22.8,4.66,80,55,1.45,4,2.29,0,
W9207,F,1995,W9207.1995,1991,4,W9207.1995,2,b,Wcubs,2,no,0,P,1.5,P,W8808,UNKNOWN26,W8808.1991,43,1996,-23.44,3.54,76,56,1.36,4,4.59,0.52,4.42
W0425,F,2010,W0425.2010,2000,10,W0425.2010,2,b,Wcubs,2,no,0,M,1.5,O,W0325,NA,W0325.2000,670,2011,-22.93,4.18,65.4,57,1.15,4,9.74,0.22,11.45
W0517,F,2010,W0517.2010,2001,9,W0517.2010,2,b,Wcubs,2,no,0,M,1.5,O,NA,NA,NA.2001,671,2011,-22.17,4.26,58,54,1.07,4,11.05,0.28,14.14
W9403,F,2001,W9403.2001,1993,8,W9403.2001,2,b,Wcubs,4,no,0,M,1.5,TW,W8808,W8607,W8808.1993,270,2002,-22.75,4.47,80,58,1.38,4,5.69,0.28,5.51
W9804,F,2002,W9804.2002,1997,5,W9804.2002,2,b,Wcubs,2,no,0,M,1.5,O,W9008,W9811,W9008.1997,860,2003,-22.77,4.13,64,56,1.14,4,16.2,0.29,13.43
W0425,F,2007,W0425.2007,2000,7,W0425.2007,2,b,Wcubs,3,no,0,M,1.5,TW,W0325,NA,W0325.2000,528,2008,-22.69,4.23,71,58,1.22,4,9.56,0.3,5.38
W9208,F,1995,W9208.1995,1991,4,NA,1,l,Sfem,0,unknown,unknown,N,unknown,NKR,W8808,W8503,W8808.1991,44,1996,-22.46,4.58,101,61.5,1.64,4,3.53,,
W0326,F,2010,W0326.2010,1993,17,W0326.2010,2,b,Wcubs,3,no,0,M,1.5,TH,NA,NA,NA.1993,669,2011,-22.67,4.4,82,60,1.37,4,12.36,0.35,12.01
W0219,F,2010,W0219.2010,2001,9,W0219.2010,2,b,Wcubs,3,no,0,M,2.5,O,W9008,W0202,W9008.2001,667,2011,-23.37,4.58,80,61,1.31,4,10.76,0.37,10.81
W0004,F,2007,W0004.2007,1994,13,W0004.2007,2,b,Wcubs,3,no,0,M,2.5,TH,NA,W9002,NA.1994,516,2008,-22.97,4.24,88,65,1.35,4,4.84,0.38,4.35
W0004,F,2008,W0004.2008,1994,14,W0004.2007,3,s,Wcubs,3,no,1,M,2.5,TH,NA,W9002,NA.1994,731,2009,-22.76,4.06,96,63,1.52,4,11.02,0.38,4.35
W0010,F,2007,W0010.2007,1999,8,W0010.2007,2,b,Wcubs,2,no,0,M,1.5,TW,W9403,W9810,W9403.1999,517,2008,-22.66,3.7,81,58,1.4,4,4.83,0.38,4.35
W0425,F,2012,W0425.2012,2000,12,W0425.2012,2,b,Wcubs,3,no,0,M,1.5,TW,W0325,NA,W0325.2000,587,2013,-23.56,4.65,76,59,1.29,5,10.86,0.39,8.01
W0425,F,2005,W0425.2005,2000,5,W0425.2005,2,b,Wcubs,2,no,0,M,1.5,TW,W0325,NA,W0325.2000,892,2006,-23.16,4.81,72,57,1.26,4,8.33,0.43,10.22
W9615,F,2010,W9615.2010,1995,15,W9615.2010,2,b,Wcubs,2,no,0,M,litterloss,TW,W8905,W9409,W8905.1995,664,2011,-22.26,4.61,90,58,1.55,4,12.77,0.43,9.94
W0018,F,2004,W0018.2004,1999,5,W0018.2004,2,b,Wcubs,2,no,0,M,1.5,TW,W9504,V235813,W9504.1999,417,2005,-23.06,4.27,82,58,1.41,4,5.15,0.44,7.32
W9208,F,1996,W9208.1996,1991,5,W9208.1996,2,b,Wcubs,2,no,0,P,1.5,P,W8808,W8503,W8808.1991,11,1997,-22.86,5.37,99,59,1.68,4,3.64,0.87,
W0720,F,2010,W0720.2010,2000,10,W0720.2009,3,s,Wcubs,2,no,1,M,2.5,,W0325,W0012,W0325.2000,681,2011,-22.87,4.65,56,56,1,4,10.03,0.44,9.19
W9307,F,1995,W9307.1995,1992,3,NA,1,l,Sfem,0,unknown,unknown,N,unknown,NKR,W8906,UNKNOWN26,W8906.1992,46,1996,-22.83,4.47,70,55,1.27,4,3.74,,
W0237,F,2009,W0237.2009,1997,12,W0237.2009,2,b,Wcubs,3,no,0,M,1.5,TW,NA,NA,NA.1997,795,2010,-22.76,3.49,90,60.5,1.49,4,16.8,0.45,7.4
W0326,F,2007,W0326.2007,1993,14,W0326.2007,2,b,Wcubs,3,no,0,M,2.5,TH,NA,NA,NA.1993,524,2008,-22.54,4.25,89,65,1.37,4,6.06,0.45,5.97
W9307,F,2001,W9307.2001,1992,9,W9307.2001,2,b,Wcubs,3,no,0,M,1.5,TW,W8906,UNKNOWN26,W8906.1992,269,2002,-23.01,4.59,89,59,1.51,4,6.85,0.45,5.48
W9903,F,2007,W9903.2007,1997,10,W9903.2007,2,b,Wcubs,3,no,0,M,1.5,TH,NA,NA,NA.1997,515,2008,-22.69,4.07,71,61,1.16,4,10.22,0.45,12.87
W0621,F,2012,W0621.2012,2005,7,W0621.2012,2,b,Wcubs,3,no,0,M,1.5,O,W9913,W0424,W9913.2005,592,2013,-23.18,4.21,86,62,1.39,4,27.41,0.46,8.34
W9307,F,1996,W9307.1996,1992,4,NA,1,l,Sfem,0,unknown,unknown,N,unknown,NKR,W8906,UNKNOWN26,W8906.1992,12,1997,-23.12,4.79,63,57,1.11,4,3.64,,
W9310,F,1995,W9310.1995,1992,3,NA,1,l,Sfem,0,unknown,unknown,N,unknown,NKR,W9308,W8807,W9308.1992,48,1996,-22.83,4.68,85,59,1.44,4,3.06,,
W8906,F,2000,W8906.2000,1981,19,W8906.2000,2,b,Wcubs,3,no,0,M,1.5,TW,NA,NA,NA.1981,238,2001,-22.71,4.72,125,69,1.81,4,3.37,0.46,4.97
W9003,F,1996,W9003.1996,1989,7,W9003.1995,3,s,Wcubs,2,no,1,M,2.5,,W8802,UNKNOWN25,W8802.1989,7,1997,-22.73,5.03,103,59,1.75,4,3.64,0.46,4.39
W8906,F,2002,W8906.2002,1981,21,W8906.2002,2,b,Wcubs,3,no,0,M,1.5,TW,NA,NA,NA.1981,858,2003,-22.93,4.65,97,65,1.49,4,5.36,0.47,4.24
W9403,F,2012,W9403.2012,1993,19,W9403.2012,2,b,Wcubs,2,no,0,M,1.5,O,W8808,W8607,W8808.1993,583,2013,-23.17,5.18,93,62.5,1.49,4,5.69,0.48,10.23
W9913,F,2005,W9913.2005,1998,7,W9913.2005,2,b,Wcubs,3,no,0,M,1.5,TW,W9404,W9311,W9404.1998,448,2006,-23.22,3.99,99,62,1.6,5,4.64,0.48,5.84
W9914,F,2005,W9914.2005,1998,7,W9914.2005,2,b,Wcubs,3,no,0,M,1.5,O,W9404,W9311,W9404.1998,449,2006,-22.69,4.51,94,63,1.49,5,3.75,0.48,5.84
W9310,F,1997,W9310.1997,1992,5,W9310.1997,2,b,Wcubs,1,no,0,P,1.5,P,W9308,W8807,W9308.1992,130,1998,-22.55,3.99,90,62,1.45,4,3.37,0.65,3.65
W9814,F,2006,W9814.2006,1997,9,W9814.2006,2,b,Wcubs,2,no,0,M,2.5,TH,W9308,W8807,W9308.1997,482,2007,-22.75,4.17,85,62,1.37,4,4.89,0.49,4.47
W9308,F,1997,W9308.1997,1988,9,W9308.1997,2,b,Wcubs,3,no,0,M,2.5,O,W8811,W8806,W8811.1988,129,1998,-22.69,4.26,95,63,1.51,4,4.24,0.5,4.38
W9310,F,2002,W9310.2002,1992,10,W9310.2002,2,b,Wcubs,2,no,0,M,2.5,O,W9308,W8807,W9308.1992,326,2003,-22.87,3.2,88,64,1.38,4,7.83,0.5,5.83
W8906,F,1996,W8906.1996,1981,15,W8906.1996,2,b,Wcubs,3,no,0,M,1.5,TW,NA,NA,NA.1981,6,1997,-23.05,4.44,118,65,1.82,4,3.62,0.52,5.51
W9806,F,2006,W9806.2006,1996,10,W9806.2006,2,b,Wcubs,3,no,0,M,1.5,TW,W0121,NA,W0121.1996,481,2007,-23.21,4.63,91,64,1.42,4,4.89,0.51,5.73
W9903,F,2004,W9903.2004,1997,7,W9903.2004,2,b,Wcubs,1,no,0,M,2.5,TH,NA,NA,NA.1997,416,2005,-22.62,4.01,75,60,1.25,4,6.47,0.51,6.52
W9403,F,1995,W9403.1995,1993,2,NA,1,l,Sfem,0,unknown,unknown,N,unknown,NKR,W8808,W8607,W8808.1993,51,1996,-23.13,3.96,52,50,1.04,4,3.6,,
W9404,F,2001,W9404.2001,1993,8,W9404.2001,2,b,Wcubs,3,no,0,M,1.5,O,W9008,W9811,W9008.1993,271,2002,-23.19,4.11,104,64,1.63,4,4.22,0.52,5.35
W9502,F,2001,W9502.2001,1994,7,W9502.2001,2,b,Wcubs,3,no,0,M,1.5,TW,W9308,W8807,W9308.1994,272,2002,-23.17,4.2,88,62,1.42,4,7.41,0.52,5.35
W0104,F,2011,W0104.2011,2000,11,W0104.2011,2,b,Wcubs,2,no,0,M,2.5,TW,W9909,UNKNOWN01,W9909.2000,634,2012,-22.97,4.33,78,60,1.3,5,9.39,0.53,9.71
W9403,F,1996,W9403.1996,1993,3,NA,1,l,Sfem,0,unknown,unknown,N,unknown,NKR,W8808,W8607,W8808.1993,16,1997,-22.56,4.55,77,54,1.43,4,2.19,,
W8905,F,1995,W8905.1995,1987,8,W8905.1995,2,b,Wcubs,2,no,0,M,1.5,O,NA,W8804,NA.1987,38,1996,-22.66,4.29,85,59,1.44,4,4.37,0.53,5.77
W9403,F,1999,W9403.1999,1993,6,W9403.1999,2,b,Wcubs,2,no,0,P,1.5,P,W8808,W8607,W8808.1993,221,2000,-22.63,4.89,102,58,1.76,4,3.94,0.78,4.14
W9914,F,2012,W9914.2012,1998,14,W9914.2012,2,b,Wcubs,2,no,0,M,1.5,O,W9404,W9311,W9404.1998,584,2013,-23.37,4.58,98,61,1.61,4,7.84,0.53,10.79
W0109,F,2003,W0109.2003,1994,9,W0109.2003,2,b,Wcubs,2,no,0,M,1.5,TW,W0121,W9002,W0121.1994,377,2004,-23.4,3.93,87,62,1.4,4,4.77,0.54,3.6
W8906,F,2004,W8906.2004,1981,23,W8906.2004,2,b,Wcubs,3,no,0,M,1.5,TW,NA,NA,NA.1981,409,2005,-23.74,3.89,127,70,1.81,4,8.06,0.54,5.97
W9403,F,2003,W9403.2003,1993,10,NA,1,l,Sfem,0,unknown,unknown,N,unknown,NKR,W8808,W8607,W8808.1993,369,2004,-22.88,4.7,105,61.5,1.71,6,2.95,,
W8904,F,2005,W8904.2005,1987,18,W8904.2005,2,b,Wcubs,3,no,0,M,1.5,O,NA,W8804,NA.1987,445,2006,-23.44,4.75,91,61,1.49,4,6.21,0.55,7.27
W8906,F,1998,W8906.1998,1981,17,W8906.1998,2,b,Wcubs,3,no,0,M,1.5,TW,NA,NA,NA.1981,159,1999,-22.85,4.82,110,66,1.67,4,4.34,0.55,4.24
W9003,F,1998,W9003.1998,1989,9,W9003.1998,2,b,Wcubs,3,no,0,M,1.5,TH,W8802,UNKNOWN25,W8802.1989,160,1999,-22.93,4.41,104,61,1.7,4,3.49,0.55,4.13
W8808,F,1998,W8808.1998,1981,17,W8808.1998,2,b,Wcubs,3,no,0,M,1.5,O,NA,NA,NA.1981,157,1999,-22.77,4.21,90,61,1.48,4,5.07,0.56,4.37
W9404,F,1998,W9404.1998,1993,5,W9404.1998,2,b,Wcubs,3,no,0,M,1.5,O,W9008,W9811,W9008.1993,162,1999,-22.95,4.05,89,57,1.56,4,4.33,0.56,4.21
W9404,F,1995,W9404.1995,1993,2,NA,1,l,Sfem,0,unknown,unknown,N,unknown,NKR,W9008,W9811,W9008.1993,52,1996,-22.67,3.73,68,53,1.28,4,3.14,,
W9008,F,2001,W9008.2001,1986,15,W9008.2001,2,b,Wcubs,2,no,0,M,1.5,TW,W8811,NA,W8811.1986,267,2002,-23.38,3.99,96,63,1.52,4,5.3,0.57,5.2
W9306,F,1997,W9306.1997,1992,5,W9306.1997,2,b,Wcubs,2,no,0,M,1.5,O,W8906,UNKNOWN26,W8906.1992,128,1998,-22.89,3.8,84,58,1.45,4,3.32,0.57,4.65
W9307,F,1999,W9307.1999,1992,7,W9307.1999,2,b,Wcubs,3,no,0,M,1.5,O,W8906,UNKNOWN26,W8906.1992,219,2000,-22.9,4.77,89,59,1.51,4,4.87,0.58,8.37
W0229,F,2008,W0229.2008,1998,10,W0229.2008,2,b,Wcubs,2,no,0,M,2.5,TH,01WW09,W9921,01WW09.1998,738,2009,-22.75,4.3,98,64.5,1.52,4,16.75,0.58,10.68
W9404,F,1996,W9404.1996,1993,3,NA,1,l,Sfem,0,unknown,unknown,N,unknown,NKR,W9008,W9811,W9008.1993,17,1997,-22.87,4.23,83.5,56,1.49,6,2.67,,
W9101,F,2004,W9101.2004,1990,14,W9101.2004,2,b,Wcubs,2,no,0,M,1.5,TW,W8906,W8607,W8906.1990,411,2005,-23.39,4.46,106,64,1.66,4,3.52,0.59,5.83
W9806,F,2004,W9806.2004,1996,8,W9806.2004,2,b,Wcubs,2,no,0,M,1.5,TW,W0121,NA,W0121.1996,415,2005,-23.11,4.29,94,64,1.47,4,5.18,0.59,6.97
W0018,F,2006,W0018.2006,1999,7,W0018.2006,2,b,Wcubs,3,no,0,M,2.5,TH,W9504,V235813,W9504.1999,902,2007,-23.21,4.71,97,63,1.54,4,6.87,0.6,11.65
W0303,F,2012,W0303.2012,2002,10,W0303.2012,2,b,Wcubs,2,no,0,M,1.5,TW,W8906,W0012,W8906.2002,586,2013,-22.96,4.2,80,61,1.31,4,14.51,0.6,9.81
W8808,F,1995,W8808.1995,1981,14,W8808.1995,2,b,Wcubs,3,no,0,M,1.5,TW,NA,NA,NA.1981,36,1996,-22.99,3.92,94,62,1.52,4,4.66,0.6,5.53
W9504,F,1996,W9504.1996,1994,2,NA,1,l,Sfem,0,unknown,unknown,N,unknown,NKR,W9308,W8807,W9308.1994,18,1997,-22.8,4.8,76,57.8,1.31,6,3.44,,
W9308,F,2002,W9308.2002,1988,14,W9308.2002,2,b,Wcubs,2,no,0,M,1.5,O,W8811,W8806,W8811.1988,859,2003,-22.74,4.34,101,65,1.55,4,9.38,0.61,6.38
W9504,F,1996,W9504.1996,1994,2,NA,1,l,Sfem,0,unknown,unknown,N,unknown,NKR,W9308,W8807,W9308.1994,18,1997,-22.8,4.8,76,57.8,1.31,6,3.44,,
W0004,F,2005,W0004.2005,1994,11,W0004.2005,2,b,Wcubs,3,no,0,M,1.5,TW,NA,W9002,NA.1994,450,2006,-22.93,4.47,95,64,1.48,5,5.91,0.63,6.8
W9008,F,1997,W9008.1997,1986,11,W9008.1997,2,b,Wcubs,2,no,0,M,1.5,TW,W8811,NA,W8811.1986,124,1998,-23.36,3.92,102,62,1.65,4,3.64,0.63,4.43
W9504,F,1999,W9504.1999,1994,5,W9504.1999,2,b,Wcubs,3,no,0,P,2.5,P,W9308,W8807,W9308.1994,223,2000,-22.74,4.99,82,57,1.44,4,4.69,0.68,4.19
W9007,F,2003,W9007.2003,1986,17,W9007.2003,2,b,Wcubs,2,no,0,M,1.5,TW,NA,NA,NA.1986,367,2004,-22.93,4.19,98,62,1.58,4,4.35,0.64,3.36
W9502,F,2003,W9502.2003,1994,9,W9502.2003,2,b,Wcubs,3,no,0,M,1.5,TW,W9308,W8807,W9308.1994,371,2004,-23.46,3.85,100,64,1.56,4,4.62,0.64,4.16
W9008,F,1995,W9008.1995,1986,9,W9008.1995,2,b,Wcubs,3,no,0,M,1.5,TW,W8811,NA,W8811.1986,41,1996,-23.45,3.26,95,60,1.58,4,4.65,0.65,4.23
W0004,F,2001,W0004.2001,1994,7,W0004.2001,2,b,Wcubs,2,no,0,M,1.5,TW,NA,W9002,NA.1994,280,2002,-22.73,4.27,86,60,1.43,4,5.3,0.65,5.32
W9003,F,2000,W9003.2000,1989,11,W9003.2000,2,b,Wcubs,2,no,0,M,1.5,TW,W8802,UNKNOWN25,W8802.1989,239,2001,-22.91,5.1,112,62,1.81,4,3.36,0.65,3.71
W9507,F,1996,W9507.1996,1994,2,NA,1,l,Sfem,0,unknown,unknown,N,unknown,NKR,W8906,W8607,W8906.1994,21,1997,-22.72,4.36,43,44,0.98,4,3.24,,
W9909,F,2002,W9909.2002,1989,13,W9909.2002,2,b,Wcubs,4,no,0,M,1.5,TW,NA,NA,NA.1989,331,2003,-22.91,3.86,78,66,1.18,4,4.25,0.65,4.33
W0004,F,2003,W0004.2003,1994,9,W0004.2003,2,b,Wcubs,3,no,0,M,1.5,TW,NA,W9002,NA.1994,873,2004,-22.84,4.02,95,62,1.53,4,6.34,0.68,7.75
W9507,F,1997,W9507.1997,1994,3,NA,1,l,Sfem,0,unknown,unknown,N,unknown,NKR,W8906,W8607,W8906.1994,134,1998,-22.73,4.37,65,54,1.2,4,2.77,,
W9307,F,2003,W9307.2003,1992,11,W9307.2003,2,b,Wcubs,3,no,0,M,1.5,TW,W8906,UNKNOWN26,W8906.1992,872,2004,-23.57,4.48,110,65,1.69,4,9.66,0.69,12.18
W9008,F,1999,W9008.1999,1986,13,W9008.1999,2,b,Wcubs,3,no,0,M,1.5,TW,W8811,NA,W8811.1986,833,2000,-23.25,3.92,111,61,1.82,4,5.42,0.75,7.45
W8904,F,2002,W8904.2002,1987,15,W8904.2002,2,b,Wcubs,2,no,0,M,1.5,O,NA,W8804,NA.1987,842,2003,-23.12,4.39,84,60,1.4,4,7.69,0.74,7.92
W9507,F,1998,W9507.1998,1994,4,NA,1,l,Sfem,0,unknown,unknown,N,unknown,NKR,W8906,W8607,W8906.1994,164,1999,-22.44,4.74,82,59,1.39,4,3.38,,
W9310,F,1999,W9310.1999,1992,7,W9310.1999,2,b,Wcubs,3,no,0,M,1.5,TW,W9308,W8807,W9308.1992,220,2000,-22.9,3.87,100,60,1.67,4,4.32,0.8,4.16
W9909,F,2005,W9909.2005,1989,16,W9909.2005,2,b,Wcubs,3,no,0,M,1.5,O,NA,NA,NA.1989,447,2006,-23.3,4.75,109,65,1.68,4,3.84,0.85,3.67
W8904,F,1996,W8904.1996,1987,9,W8904.1996,2,b,Wcubs,1,no,0,M,1.5,TH,NA,W8804,NA.1987,4,1997,-23.05,5.13,100,62,1.61,4,3.56,0.86,3.75
W8904,F,1999,W8904.1999,1987,12,W8904.1999,2,b,Wcubs,2,no,0,M,1.5,O,NA,W8804,NA.1987,215,2000,-22.77,5.17,107,60,1.78,4,4.04,0.87,3.43
W9615,F,2002,W9615.2002,1995,7,W9615.2002,2,b,Wcubs,2,no,0,P,1.5,P,W8905,W9409,W8905.1995,329,2003,-22.59,4.35,92,58,1.59,4,4.58,0.53,4.14
W0104,F,2009,W0104.2009,2000,9,W0104.2008,3,s,Wcubs,2,no,1,M,2.5,FR,W9909,UNKNOWN01,W9909.2000,792,2010,-22.91,4.8,97,62,1.56,4,5.64,0.64,
W0104,F,2015,W0104.2015,2000,15,W0104.2014,3,s,Wcubs,3,no,1,M,2.5,O,W9909,UNKNOWN01,W9909.2000,714,2016,-23.38,4.4,102,59,1.73,5,8.9,0.48,
W0104,F,2014,W0104.2014,2000,14,W0104.2014,2,b,Wcubs,3,no,0,M,2.5,TW,W9909,UNKNOWN01,W9909.2000,725,2015,-23.21,4.15,83.6,59,1.42,4,11.16,0.48,
W9804,F,2000,W9804.2000,1997,3,NA,1,l,Sfem,0,unknown,unknown,N,unknown,NKR,W9008,W9811,W9008.1997,243,2001,-22.64,4.3,71,54.5,1.3,4,4.53,,
W0107,F,2008,W0107.2008,2000,8,W0107.2008,2,b,Wcubs,1,yes,0,M,litterloss,TW,W9003,W0801,W9003.2000,735,2009,-22.76,4.45,97,66,1.47,4,12.44,0,
W0217,F,2010,W0217.2010,2001,9,W0217.2010,2,b,Wcubs,2,no,0,M,1.5,TW,W9403,UNKNOWN02,W9403.2001,666,2011,-23.07,4.5,68,57,1.19,4,15,0.37,
W0217,F,2012,W0217.2012,2001,11,W0217.2012,2,b,Wcubs,2,no,0,M,2.5,TH,W9403,UNKNOWN02,W9403.2001,585,2013,-23.19,4.69,79,59,1.34,5,7.59,0.35,
W9806,F,1998,W9806.1998,1996,2,NA,1,l,Sfem,0,unknown,unknown,N,unknown,NKR,W0121,NA,W0121.1996,167,1999,-22.62,4.54,62,54,1.15,4,4.53,,
W0231,F,2007,W0231.2007,1992,15,W0231.2007,2,b,Wcubs,2,no,0,M,2.5,O,W0121,W8809,W0121.1992,522,2008,-23.02,4.6,88,65,1.35,4,5.35,0.39,
W0231,F,2008,W0231.2008,1992,16,W0231.2007,3,s,Wcubs,2,no,1,M,2.5,,W0121,W8809,W0121.1992,739,2009,-22.78,4.86,83,67,1.24,4,8.8,0.35,
W0303,F,2010,W0303.2010,2002,8,W0303.2010,2,b,Wcubs,2,no,0,M,1.5,TW,W8906,W0012,W8906.2002,668,2011,-22.29,4.62,74,56,1.32,4,7.03,0,
W9806,F,1999,W9806.1999,1996,3,NA,1,l,Sfem,0,unknown,unknown,N,unknown,NKR,W0121,NA,W0121.1996,224,2000,-22.54,4.86,76,58,1.31,4,9.85,,
W0605,F,2015,W0605.2015,2005,10,W0605.2015,2,b,Wcubs,2,no,0,M,2.5,TH,W0229,UNKNOWN11,W0229.2005,579,2016,-23.55,4.49,80.8,58,1.39,5,8.27,0.56,
W0620,F,2011,W0620.2011,2005,6,W0620.2011,2,b,Wcubs,1,no,0,M,1.5,O,W0004,UNKNOWN06,W0004.2005,638,2012,-22.86,4.42,79,63,1.25,5,8,0.48,
W0620,F,2012,W0620.2012,2005,7,W0620.2011,3,s,Wcubs,1,yes,1,M,1.5,TW,W0004,UNKNOWN06,W0004.2005,591,2013,-23.2,4.89,86,62,1.39,5,31.33,0.48,
W0620,F,2014,W0620.2014,2005,9,W0620.2013,3,s,Wcubs,3,no,1,M,2.5,TW,W0004,UNKNOWN06,W0004.2005,721,2015,-23.24,4.85,106.5,63,1.69,4,11.6,0.6,
W0621,F,2015,W0621.2015,2005,10,W0621.2015,2,b,Wcubs,3,no,0,M,litterloss,TH,W9913,W0424,W9913.2005,715,2016,-23.12,4.42,93,62,1.5,5,10.74,0.61,
W0623,F,2015,W0623.2015,2005,10,W0623.2015,2,b,Wcubs,1,no,0,M,1.5,TW,W9914,W0102,W9914.2005,582,2016,-23.63,3.91,88,64,1.38,5,11.05,0.71,
W0626,F,2005,W0626.2005,2000,5,W0626.2005,2,b,Wcubs,2,no,0,P,1.5,O,NA,NA,NA.2000,477,2006,-23.23,4.44,76,57,1.33,6,4.21,0.4,
W0626,F,2006,W0626.2006,2000,6,W0626.2005,3,s,Wcubs,2,yes,1,M,1.5,,NA,NA,NA.2000,500,2007,-23.16,4.6,68,57,1.19,5,3.04,0.4,
W0626,F,2007,W0626.2007,2000,7,W0626.2007,2,b,Wcubs,2,unknown,0,M,litterloss,TW,NA,NA,NA.2000,538,2008,-23.11,4.29,90,60,1.5,6,4.25,0,
W0706,F,2015,W0706.2015,2006,9,W0706.2015,2,b,Wcubs,1,no,0,M,1.5,TW,W9814,W0327,W9814.2006,578,2016,-23.3,4.63,83.6,59,1.42,5,7.39,0.39,
W0713,F,2014,W0713.2014,2006,8,W0713.2014,2,b,Wcubs,2,no,0,M,2.5,O,W0517,UNKNOWN07,W0517.2006,723,2015,-23.19,4.68,62.8,56.5,1.11,4,16.66,0.44,
W0716,F,2009,W0716.2009,2001,8,W0716.2009,2,b,Wcubs,3,no,0,M,1.5,O,NA,NA,NA.2001,845,2010,-23.33,3.94,89,60,1.48,4,14.58,0.51,
W0716,F,2011,W0716.2011,2001,10,W0716.2011,2,b,Wcubs,2,no,0,M,1.5,TW,NA,NA,NA.2001,640,2012,-23.11,4.49,87,60,1.45,5,6.38,0.51,9.71
W0716,F,2015,W0716.2015,2001,14,W0716.2015,2,b,Wcubs,2,yes,0,M,litterloss,TW,NA,NA,NA.2001,568,2016,-23,4.09,117.8,62,1.9,5,6.09,0.42,
W0720,F,2014,W0720.2014,2000,14,W0720.2013,3,s,Wcubs,2,no,1,M,2.5,,W0325,W0012,W0325.2000,724,2015,-22.99,4.48,76.6,59,1.3,4,13,0.41,
W9814,F,2003,W9814.2003,1997,6,W9814.2003,2,b,Wcubs,1,no,0,P,2.5,P,W9308,W8807,W9308.1997,373,2004,-22.85,3.84,87,61,1.43,4,3.81,0.57,
W1017,F,2015,W1017.2015,2009,6,W1017.2015,2,b,Wcubs,1,no,0,M,1.5,O,W0237,V434511,W0237.2009,571,2016,-23.07,4.54,86.8,57,1.52,5,8.51,0.59,
W1112,F,2015,W1112.2015,2010,5,W1112.2015,2,b,Wcubs,3,no,0,M,1.5,O,W0623,W0225,W0623.2010,581,2016,-23.44,4.85,89.6,62,1.45,5,7.77,0.56,
W9904,F,1998,W9904.1998,1994,4,W9904.1998,2,b,Wcubs,2,yes,0,P,1.5,P,94S95,NA,94S95.1994,173,1999,-22.07,5.21,111,60,1.85,4,2.85,0.63,3.01
W1319,F,2015,W1319.2015,2009,6,W1319.2015,2,b,Wcubs,3,no,0,M,1.5,O,NA,NA,NA.2009,567,2016,-23.51,4.36,72.6,57,1.27,5,10.22,0.41,
W8808,F,2002,W8808.2002,1981,21,W8808.2002,2,b,Wcubs,3,no,0,M,litterloss,TW,NA,NA,NA.1981,841,2003,-22.82,4.22,83,62,1.34,4,7.81,0.61,
W8811,F,1995,W8811.1995,1978,17,W8811.1995,2,b,Wcubs,3,no,0,M,2.5,TH,NA,NA,NA.1978,37,1996,-22.62,4.69,102,64,1.59,4,5.15,0.61,
W8811,F,1996,W8811.1996,1978,18,W8811.1995,3,s,Wcubs,3,no,1,M,2.5,TH,NA,NA,NA.1978,3,1997,-22.59,4.99,104,62,1.68,4,3.51,0.61,
W8905,F,1996,W8905.1996,1987,9,W8905.1995,3,s,Wcubs,2,yes,1,M,1.5,,NA,W8804,NA.1987,5,1997,-22.86,4.98,90,58,1.55,6,2.4,0.58,
W9007,F,2001,W9007.2001,1986,15,W9007.2001,2,b,Wcubs,2,no,0,M,1.5,TW,NA,NA,NA.1986,266,2002,-22.86,4.25,90,62,1.45,4,5.43,0.44,
W9913,F,2001,W9913.2001,1998,3,NA,1,l,Sfem,0,unknown,unknown,N,unknown,NKR,W9404,W9311,W9404.1998,276,2002,-22.56,4.47,90,57,1.58,4,4.35,,
W9101,F,1997,W9101.1997,1990,7,W9101.1997,2,b,Wcubs,4,no,0,M,1.5,O,W8906,W8607,W8906.1990,125,1998,-23.21,4.09,95,62,1.53,4,3.64,0.62,
W9101,F,2000,W9101.2000,1990,10,W9101.2000,2,b,Wcubs,3,no,0,M,1.5,O,W8906,W8607,W8906.1990,837,2001,-22.84,4.29,93,61,1.52,4,9.62,0.52,
W9101,F,2002,W9101.2002,1990,12,W9101.2002,2,b,Wcubs,2,no,0,M,1.5,TW,W8906,W8607,W8906.1990,324,2003,-22.86,4.6,81,61,1.33,4,5.95,0.37,
W9913,F,2003,W9913.2003,1998,5,W9913.2003,2,b,Wcubs,2,no,0,P,1.5,P,W9404,W9311,W9404.1998,374,2004,-22.89,3.67,101,60,1.68,4,2.7,0.61,3.44
W9308,F,2005,W9308.2005,1988,17,W9308.2005,2,b,Wcubs,4,no,0,M,2.5,O,W8811,W8806,W8811.1988,446,2006,-22.91,4.25,93,66,1.41,5,5.01,0.49,
W9308,F,2008,W9308.2008,1988,20,W9308.2008,2,b,Wcubs,2,no,0,M,2.5,TH,W8811,W8806,W8811.1988,727,2009,-22.81,4.08,110,70,1.57,4,13.3,0.61,
W9403,F,2005,W9403.2005,1993,12,W9403.2005,2,b,Wcubs,3,no,0,M,2.5,O,W8808,W8607,W8808.1993,888,2006,-23.25,4.41,90,62,1.45,5,6.37,0.49,
W9403,F,2006,W9403.2006,1993,13,W9403.2005,3,s,Wcubs,2,no,1,M,2.5,,W8808,W8607,W8808.1993,479,2007,-23.04,4.82,90,61,1.48,5,4.27,0.49,
W9403,F,2008,W9403.2008,1993,15,W9403.2008,2,b,Wcubs,3,no,0,M,2.5,TH,W8808,W8607,W8808.1993,728,2009,-23.18,4.08,92,63,1.46,4,8.18,0.39,
W9403,F,2009,W9403.2009,1993,16,W9403.2008,3,s,Wcubs,3,no,1,M,2.5,TH,W8808,W8607,W8808.1993,788,2010,-23.08,4.52,87,57,1.53,4,7.72,0.39,
W9403,F,2011,W9403.2011,1993,18,W9403.2011,2,b,Wcubs,2,yes,0,M,litterloss,TH,W8808,W8607,W8808.1993,632,2012,-22.76,5.02,88,62,1.42,5,5.52,0,
W9404,F,2003,W9404.2003,1993,10,W9404.2003,2,b,Wcubs,3,yes,0,M,litterloss,TW,W9008,W9811,W9008.1993,370,2004,-22.92,4.38,105,63,1.67,6,2.73,0.55,
W9502,F,1999,W9502.1999,1994,5,W9502.1999,2,b,Wcubs,1,no,0,M,1.5,O,W9308,W8807,W9308.1994,222,2000,-22.79,4.97,104,63,1.65,4,3.87,0.94,
W9615,F,2004,W9615.2004,1995,9,W9615.2004,2,b,Wcubs,2,no,0,M,1.5,TW,W8905,W9409,W8905.1995,882,2005,-23,3.88,95,62,1.53,4,6.9,0.53,
W9615,F,2006,W9615.2006,1995,11,W9615.2006,2,b,Wcubs,2,no,0,M,1.5,TW,W8905,W9409,W8905.1995,480,2007,-23.05,4.95,106,63,1.68,4,3.83,0.57,
W9615,F,2008,W9615.2008,1995,13,W9615.2008,2,b,Wcubs,2,no,0,M,1.5,TW,W8905,W9409,W8905.1995,729,2009,-22.85,4.36,105,63,1.67,4,11.17,0.68,
W9914,F,2001,W9914.2001,1998,3,NA,1,l,Sfem,0,unknown,unknown,N,unknown,NKR,W9404,W9311,W9404.1998,277,2002,-22.5,4.37,79,56,1.41,4,4.45,,
W9814,F,2009,W9814.2009,1997,12,W9814.2009,2,b,Wcubs,2,no,0,M,2.5,TH,W9308,W8807,W9308.1997,789,2010,-23.05,4.16,86,63,1.37,4,16.33,0.46,
W9814,F,2011,W9814.2011,1997,14,W9814.2009,3,s,Wcubs,2,yes,2,M,2.5,TH,W9308,W8807,W9308.1997,633,2012,-22.74,5.55,86,62,1.39,5,6.14,0.46,
W9903,F,2009,W9903.2009,1997,12,W9903.2009,2,b,Wcubs,3,no,0,M,2.5,TW,NA,NA,NA.1997,790,2010,-22.7,4.27,78,63,1.24,4,13.65,0.46,
W9914,F,2008,W9914.2008,1998,10,W9914.2008,2,b,Wcubs,2,no,0,M,2.5,O,W9404,W9311,W9404.1998,730,2009,-22.91,4.43,95,63,1.51,4,12.28,0.53,
