bearID,sex,year,bearyear,birth,age,litterID,repro,jan,reprocat,cubsfirstcount,cubseparation,cubage,statut,weaningage,ILI,dam,sire,matlitterID,sampleID,year.sampled,C13.suess,N15,mass,headcirc,condition,Cmonth,cort
W8811,F,1996,W8811.1996,1978,18,W8811.1995,3,s,Wcubs,3,no,1,M,2.5,C,NA,NA,NA.1978,3,1997,-22.588,4.99,104,62,1.677419355,4,3.512
W0104,F,2009,W0104.2009,2000,9,W0104.2008,3,s,Wcubs,2,no,1,M,2.5,FR,W9909,UNKNOWN01,W9909.2000,792,2010,-22.912,4.8,97,62,1.564516129,4,5.64
W0231,F,2008,W0231.2008,1992,16,W0231.2007,3,s,Wcubs,2,no,1,M,2.5,NA,W0121,W8809,W0121.1992,739,2009,-22.784,4.86,83,67,1.23880597,4,8.8
W0720,F,2010,W0720.2010,2000,10,W0720.2009,3,s,Wcubs,2,no,1,M,2.5,NA,W0325,W0012,W0325.2000,681,2011,-22.87,4.65,56,56,1,4,10.03
W0720,F,2014,W0720.2014,2000,14,W0720.2013,3,s,Wcubs,2,no,1,M,2.5,NA,W0325,W0012,W0325.2000,724,2015,-22.992,4.48,76.6,59,1.298305085,4,13
W8905,F,1996,W8905.1996,1987,9,W8905.1995,3,s,Wcubs,2,yes,1,M,1.5,NA,NA,W8804,NA.1987,5,1997,-22.858,4.98,90,58,1.551724138,6,2.4046
W9003,F,1996,W9003.1996,1989,7,W9003.1995,3,s,Wcubs,2,no,1,M,2.5,NA,W8802,UNKNOWN25,W8802.1989,7,1997,-22.728,5.03,103,59,1.745762712,4,3.6394
W9403,F,2006,W9403.2006,1993,13,W9403.2005,3,s,Wcubs,2,no,1,M,2.5,NA,W8808,W8607,W8808.1993,479,2007,-23.038,4.82,90,61,1.475409836,5,4.2666
W9403,F,2009,W9403.2009,1993,16,W9403.2008,3,s,Wcubs,3,no,1,M,2.5,NA,W8808,W8607,W8808.1993,788,2010,-23.082,4.52,87,57,1.526315789,4,7.72
W9814,F,2011,W9814.2011,1997,14,W9814.2009,3,s,Wcubs,2,yes,2,M,2.5,NA,W9308,W8807,W9308.1997,633,2012,-22.738,5.55,86,62,1.387096774,5,6.14
W0104,F,2015,W0104.2015,2000,15,W0104.2014,3,s,Wcubs,3,no,1,M,2.5,O,W9909,UNKNOWN01,W9909.2000,714,2016,-23.38,4.4,102,59,1.728813559,5,8.9
W0219,F,2009,W0219.2009,2001,8,W0219.2009,2,b,Wcubs,1,yes,0,M,litterloss,O,W9008,W0202,W9008.2001,793,2010,-23.632,4.9,84,63,1.333333333,5,8.4
W0219,F,2010,W0219.2010,2001,9,W0219.2010,2,b,Wcubs,3,no,0,M,2.5,O,W9008,W0202,W9008.2001,667,2011,-23.37,4.58,80,61,1.31147541,4,10.76
W0231,F,2007,W0231.2007,1992,15,W0231.2007,2,b,Wcubs,2,no,0,M,2.5,O,W0121,W8809,W0121.1992,522,2008,-23.016,4.6,88,65,1.353846154,4,5.3544
W0425,F,2010,W0425.2010,2000,10,W0425.2010,2,b,Wcubs,2,no,0,M,1.5,O,W0325,NA,W0325.2000,670,2011,-22.93,4.18,65.4,57,1.147368421,4,9.74
W0504,F,2009,W0504.2009,2004,5,W0504.2009,2,b,Wcubs,2,yes,0,M,litterloss,O,W0326,W9301,W0326.2004,797,2010,-22.832,4.22,80,62,1.290322581,4,4.43
W0517,F,2010,W0517.2010,2001,9,W0517.2010,2,b,Wcubs,2,no,0,M,1.5,O,NA,NA,NA.2001,671,2011,-22.17,4.26,58,54,1.074074074,4,11.05
W0620,F,2011,W0620.2011,2005,6,W0620.2011,2,b,Wcubs,1,no,0,M,1.5,O,W0004,UNKNOWN06,W0004.2005,638,2012,-22.858,4.42,79,63,1.253968254,5,8
W0621,F,2012,W0621.2012,2005,7,W0621.2012,2,b,Wcubs,3,no,0,M,1.5,O,W9913,W0424,W9913.2005,592,2013,-23.176,4.21,86,62,1.387096774,4,27.41
W0713,F,2014,W0713.2014,2006,8,W0713.2014,2,b,Wcubs,2,no,0,M,2.5,O,W0517,UNKNOWN07,W0517.2006,723,2015,-23.192,4.68,62.8,56.5,1.111504425,4,16.66
W0716,F,2009,W0716.2009,2001,8,W0716.2009,2,b,Wcubs,3,no,0,M,1.5,O,NA,NA,NA.2001,845,2010,-23.332,3.94,89,60,1.483333333,4,14.58
W1017,F,2015,W1017.2015,2009,6,W1017.2015,2,b,Wcubs,1,no,0,M,1.5,O,W0237,V434511,W0237.2009,571,2016,-23.07,4.54,86.8,57,1.522807018,5,8.51
W1112,F,2015,W1112.2015,2010,5,W1112.2015,2,b,Wcubs,3,no,0,M,1.5,O,W0623,W0225,W0623.2010,581,2016,-23.44,4.85,89.6,62,1.44516129,5,7.77
W1319,F,2015,W1319.2015,2009,6,W1319.2015,2,b,Wcubs,3,no,0,M,1.5,O,NA,NA,NA.2009,567,2016,-23.51,4.36,72.6,57,1.273684211,5,10.22
W8808,F,1998,W8808.1998,1981,17,W8808.1998,2,b,Wcubs,3,no,0,M,1.5,O,NA,NA,NA.1981,157,1999,-22.774,4.21,90,61,1.475409836,4,5.0702
W8904,F,1999,W8904.1999,1987,12,W8904.1999,2,b,Wcubs,2,no,0,M,1.5,O,NA,W8804,NA.1987,215,2000,-22.772,5.17,107,60,1.783333333,4,4.0412
W8904,F,2002,W8904.2002,1987,15,W8904.2002,2,b,Wcubs,2,no,0,M,1.5,O,NA,W8804,NA.1987,842,2003,-23.116,4.39,84,60,1.4,4,7.69
W8904,F,2005,W8904.2005,1987,18,W8904.2005,2,b,Wcubs,3,no,0,M,1.5,O,NA,W8804,NA.1987,445,2006,-23.44,4.75,91,61,1.491803279,4,6.207
W8905,F,1995,W8905.1995,1987,8,W8905.1995,2,b,Wcubs,2,no,0,M,1.5,O,NA,W8804,NA.1987,38,1996,-22.66,4.29,85,59,1.440677966,4,4.3744
W9101,F,1997,W9101.1997,1990,7,W9101.1997,2,b,Wcubs,4,no,0,M,1.5,O,W8906,W8607,W8906.1990,125,1998,-23.206,4.09,95,62,1.532258065,4,3.6394
W9101,F,2000,W9101.2000,1990,10,W9101.2000,2,b,Wcubs,3,no,0,M,1.5,O,W8906,W8607,W8906.1990,837,2001,-22.84,4.29,93,61,1.524590164,4,9.62
W9306,F,1997,W9306.1997,1992,5,W9306.1997,2,b,Wcubs,2,no,0,M,1.5,O,W8906,UNKNOWN26,W8906.1992,128,1998,-22.886,3.8,84,58,1.448275862,4,3.316
W9307,F,1999,W9307.1999,1992,7,W9307.1999,2,b,Wcubs,3,no,0,M,1.5,O,W8906,UNKNOWN26,W8906.1992,219,2000,-22.902,4.77,89,59,1.508474576,4,4.8742
W9308,F,1997,W9308.1997,1988,9,W9308.1997,2,b,Wcubs,3,no,0,M,2.5,O,W8811,W8806,W8811.1988,129,1998,-22.686,4.26,95,63,1.507936508,4,4.2372
W9308,F,2002,W9308.2002,1988,14,W9308.2002,2,b,Wcubs,2,no,0,M,1.5,O,W8811,W8806,W8811.1988,859,2003,-22.736,4.34,101,65,1.553846154,4,9.38
W9308,F,2005,W9308.2005,1988,17,W9308.2005,2,b,Wcubs,4,no,0,M,2.5,O,W8811,W8806,W8811.1988,446,2006,-22.91,4.25,93,66,1.409090909,5,5.0114
W9310,F,2002,W9310.2002,1992,10,W9310.2002,2,b,Wcubs,2,no,0,M,2.5,O,W9308,W8807,W9308.1992,326,2003,-22.866,3.2,88,64,1.375,4,7.8338
W9403,F,2005,W9403.2005,1993,12,W9403.2005,2,b,Wcubs,3,no,0,M,2.5,O,W8808,W8607,W8808.1993,888,2006,-23.25,4.41,90,62,1.451612903,5,6.37
W9403,F,2012,W9403.2012,1993,19,W9403.2012,2,b,Wcubs,2,no,0,M,1.5,O,W8808,W8607,W8808.1993,583,2013,-23.166,5.18,93,62.5,1.488,4,5.69
W9404,F,1998,W9404.1998,1993,5,W9404.1998,2,b,Wcubs,3,no,0,M,1.5,O,W9008,W9811,W9008.1993,162,1999,-22.954,4.05,89,57,1.561403509,4,4.3254
W9404,F,2001,W9404.2001,1993,8,W9404.2001,2,b,Wcubs,3,no,0,M,1.5,O,W9008,W9811,W9008.1993,271,2002,-23.188,4.11,104,64,1.625,4,4.2176
W9502,F,1999,W9502.1999,1994,5,W9502.1999,2,b,Wcubs,1,no,0,M,1.5,O,W9308,W8807,W9308.1994,222,2000,-22.792,4.97,104,63,1.650793651,4,3.8746
W9804,F,2002,W9804.2002,1997,5,W9804.2002,2,b,Wcubs,2,no,0,M,1.5,O,W9008,W9811,W9008.1997,860,2003,-22.766,4.13,64,56,1.142857143,4,16.2
W9909,F,2005,W9909.2005,1989,16,W9909.2005,2,b,Wcubs,3,no,0,M,1.5,O,NA,NA,NA.1989,447,2006,-23.3,4.75,109,65,1.676923077,4,3.8354
W9914,F,2005,W9914.2005,1998,7,W9914.2005,2,b,Wcubs,3,no,0,M,1.5,O,W9404,W9311,W9404.1998,449,2006,-22.69,4.51,94,63,1.492063492,5,3.7472
W9914,F,2008,W9914.2008,1998,10,W9914.2008,2,b,Wcubs,2,no,0,M,2.5,O,W9404,W9311,W9404.1998,730,2009,-22.914,4.43,95,63,1.507936508,4,12.28
W9914,F,2012,W9914.2012,1998,14,W9914.2012,2,b,Wcubs,2,no,0,M,1.5,O,W9404,W9311,W9404.1998,584,2013,-23.366,4.58,98,61,1.606557377,4,7.84
W0231,F,2003,W0231.2003,1992,11,W0231.2003,2,b,Wcubs,3,no,0,M,2.5,P,W0121,W8809,W0121.1992,384,2004,-23.624,4.61,98,65,1.507692308,4,6.1874
W0326,F,2004,W0326.2004,1993,11,W0326.2004,2,b,Wcubs,2,no,0,M,2.5,P,NA,NA,NA.1993,883,2005,-22.592,3.95,96,62,1.548387097,4,8.28
W0624,F,2007,W0624.2007,1989,18,W0624.2007,2,b,Wcubs,NA,yes,0,M,litterloss,P,NA,NA,NA.1989,536,2008,-22.776,4.83,118,65,1.815384615,5,4.2568
W0826,F,2009,W0826.2009,1997,12,W0826.2009,2,b,Wcubs,3,no,0,M,2.5,P,W0124,NA,W0124.1997,856,2010,-22.682,4.11,83,62,1.338709677,4,10.04
W0004,F,2007,W0004.2007,1994,13,W0004.2007,2,b,Wcubs,3,no,0,M,2.5,TH,NA,W9002,NA.1994,516,2008,-22.966,4.24,88,65,1.353846154,4,4.835
W0004,F,2008,W0004.2008,1994,14,W0004.2007,3,s,Wcubs,3,no,1,M,2.5,TH,NA,W9002,NA.1994,731,2009,-22.764,4.06,96,63,1.523809524,4,11.02
W0018,F,2006,W0018.2006,1999,7,W0018.2006,2,b,Wcubs,3,no,0,M,2.5,TH,W9504,V235813,W9504.1999,902,2007,-23.208,4.71,97,63,1.53968254,4,6.87
W0217,F,2012,W0217.2012,2001,11,W0217.2012,2,b,Wcubs,2,no,0,M,2.5,TH,W9403,UNKNOWN02,W9403.2001,585,2013,-23.186,4.69,79,59,1.338983051,5,7.59
W0229,F,2008,W0229.2008,1998,10,W0229.2008,2,b,Wcubs,2,no,0,M,2.5,TH,01WW09,W9921,01WW09.1998,738,2009,-22.754,4.3,98,64.5,1.519379845,4,16.75
W0326,F,2007,W0326.2007,1993,14,W0326.2007,2,b,Wcubs,3,no,0,M,2.5,TH,NA,NA,NA.1993,524,2008,-22.536,4.25,89,65,1.369230769,4,6.06
W0326,F,2010,W0326.2010,1993,17,W0326.2010,2,b,Wcubs,3,no,0,M,1.5,TH,NA,NA,NA.1993,669,2011,-22.67,4.4,82,60,1.366666667,4,12.36
W0605,F,2015,W0605.2015,2005,10,W0605.2015,2,b,Wcubs,2,no,0,M,2.5,TH,W0229,UNKNOWN11,W0229.2005,579,2016,-23.55,4.49,80.8,58,1.393103448,5,8.27
W0621,F,2015,W0621.2015,2005,10,W0621.2015,2,b,Wcubs,3,no,0,M,unknown,TH,W9913,W0424,W9913.2005,715,2016,-23.12,4.42,93,62,1.5,5,10.74
W8904,F,1996,W8904.1996,1987,9,W8904.1996,2,b,Wcubs,1,no,0,M,1.5,TH,NA,W8804,NA.1987,4,1997,-23.048,5.13,100,62,1.612903226,4,3.561
W9003,F,1998,W9003.1998,1989,9,W9003.1998,2,b,Wcubs,3,no,0,M,1.5,TH,W8802,UNKNOWN25,W8802.1989,160,1999,-22.934,4.41,104,61,1.704918033,4,3.4924
W9308,F,2008,W9308.2008,1988,20,W9308.2008,2,b,Wcubs,2,no,0,M,2.5,TH,W8811,W8806,W8811.1988,727,2009,-22.814,4.08,110,70,1.571428571,4,13.3
W9403,F,2008,W9403.2008,1993,15,W9403.2008,2,b,Wcubs,3,no,0,M,2.5,TH,W8808,W8607,W8808.1993,728,2009,-23.184,4.08,92,63,1.46031746,4,8.18
W9403,F,2011,W9403.2011,1993,18,W9403.2011,2,b,Wcubs,2,yes,0,M,litterloss,TH,W8808,W8607,W8808.1993,632,2012,-22.758,5.02,NA,62,NA,5,5.52
W9814,F,2006,W9814.2006,1997,9,W9814.2006,2,b,Wcubs,2,no,0,M,2.5,TH,W9308,W8807,W9308.1997,482,2007,-22.748,4.17,85,62,1.370967742,4,4.8938
W9814,F,2009,W9814.2009,1997,12,W9814.2009,2,b,Wcubs,2,no,0,M,2.5,TH,W9308,W8807,W9308.1997,789,2010,-23.052,4.16,86,63,1.365079365,4,16.33
W9903,F,2004,W9903.2004,1997,7,W9903.2004,2,b,Wcubs,1,no,0,M,2.5,TH,NA,NA,NA.1997,416,2005,-22.622,4.01,75,60,1.25,4,6.4716
W9903,F,2007,W9903.2007,1997,10,W9903.2007,2,b,Wcubs,3,no,0,M,1.5,TH,NA,NA,NA.1997,515,2008,-22.686,4.07,71,61,1.163934426,4,10.2152
W0004,F,2001,W0004.2001,1994,7,W0004.2001,2,b,Wcubs,2,no,0,M,1.5,TW,NA,W9002,NA.1994,280,2002,-22.728,4.27,86,60,1.433333333,4,5.2956
W0004,F,2003,W0004.2003,1994,9,W0004.2003,2,b,Wcubs,3,no,0,M,1.5,TW,NA,W9002,NA.1994,873,2004,-22.844,4.02,95,62,1.532258065,4,6.34
W0004,F,2005,W0004.2005,1994,11,W0004.2005,2,b,Wcubs,3,no,0,M,1.5,TW,NA,W9002,NA.1994,450,2006,-22.93,4.47,95,64,1.484375,5,5.913
W0010,F,2007,W0010.2007,1999,8,W0010.2007,2,b,Wcubs,2,no,0,M,1.5,TW,W9403,W9810,W9403.1999,517,2008,-22.656,3.7,81,58,1.396551724,4,4.8252
W0018,F,2004,W0018.2004,1999,5,W0018.2004,2,b,Wcubs,2,no,0,M,1.5,TW,W9504,V235813,W9504.1999,417,2005,-23.062,4.27,82,58,1.413793103,4,5.1486
W0104,F,2011,W0104.2011,2000,11,W0104.2011,2,b,Wcubs,2,no,0,M,2.5,TW,W9909,UNKNOWN01,W9909.2000,634,2012,-22.968,4.33,78,60,1.3,5,9.39
W0104,F,2014,W0104.2014,2000,14,W0104.2014,2,b,Wcubs,3,no,0,M,2.5,TW,W9909,UNKNOWN01,W9909.2000,725,2015,-23.212,4.15,83.6,59,1.416949153,4,11.16
W0107,F,2008,W0107.2008,2000,8,W0107.2008,2,b,Wcubs,1,yes,0,M,litterloss,TW,W9003,W0801,W9003.2000,735,2009,-22.764,4.45,97,66,1.46969697,4,12.44
W0109,F,2003,W0109.2003,1994,9,W0109.2003,2,b,Wcubs,2,no,0,M,1.5,TW,W0121,W9002,W0121.1994,377,2004,-23.404,3.93,87,62,1.403225806,4,4.7664
W0217,F,2010,W0217.2010,2001,9,W0217.2010,2,b,Wcubs,2,no,0,M,1.5,TW,W9403,UNKNOWN02,W9403.2001,666,2011,-23.07,4.5,68,57,1.192982456,4,15
W0237,F,2009,W0237.2009,1997,12,W0237.2009,2,b,Wcubs,3,no,0,M,1.5,TW,NA,NA,NA.1997,795,2010,-22.762,3.49,90,60.5,1.487603306,4,16.8
W0303,F,2010,W0303.2010,2002,8,W0303.2010,2,b,Wcubs,2,no,0,M,1.5,TW,W8906,W0012,W8906.2002,668,2011,-22.29,4.62,74,56,1.321428571,4,7.03
W0303,F,2012,W0303.2012,2002,10,W0303.2012,2,b,Wcubs,2,no,0,M,1.5,TW,W8906,W0012,W8906.2002,586,2013,-22.956,4.2,80,61,1.31147541,4,14.51
W0425,F,2007,W0425.2007,2000,7,W0425.2007,2,b,Wcubs,3,no,0,M,1.5,TW,W0325,NA,W0325.2000,528,2008,-22.686,4.23,71,58,1.224137931,4,9.5586
W0425,F,2012,W0425.2012,2000,12,W0425.2012,2,b,Wcubs,3,no,0,M,1.5,TW,W0325,NA,W0325.2000,587,2013,-23.556,4.65,76,59,1.288135593,5,10.86
W0620,F,2012,W0620.2012,2005,7,W0620.2011,3,s,Wcubs,1,yes,1,M,1.5,TW,W0004,UNKNOWN06,W0004.2005,591,2013,-23.196,4.89,86,62,1.387096774,5,31.33
W0620,F,2014,W0620.2014,2005,9,W0620.2013,3,s,Wcubs,3,no,1,M,2.5,TW,W0004,UNKNOWN06,W0004.2005,721,2015,-23.242,4.85,106.5,63,1.69047619,4,11.6
W0623,F,2015,W0623.2015,2005,10,W0623.2015,2,b,Wcubs,1,no,0,M,1.5,TW,W9914,W0102,W9914.2005,582,2016,-23.63,3.91,88,64,1.375,5,11.05
W0626,F,2007,W0626.2007,2000,7,W0626.2007,2,b,Wcubs,NA,unknown,0,M,unknown,TW,NA,NA,NA.2000,538,2008,-23.106,4.29,NA,60,NA,6,4.247
W0706,F,2015,W0706.2015,2006,9,W0706.2015,2,b,Wcubs,1,no,0,M,1.5,TW,W9814,W0327,W9814.2006,578,2016,-23.3,4.63,83.6,59,1.416949153,5,7.39
W0716,F,2011,W0716.2011,2001,10,W0716.2011,2,b,Wcubs,2,no,0,M,1.5,TW,NA,NA,NA.2001,640,2012,-23.108,4.49,87,60,1.45,5,6.38
W0716,F,2015,W0716.2015,2001,14,W0716.2015,2,b,Wcubs,2,yes,0,M,litterloss,TW,NA,NA,NA.2001,568,2016,-23,4.09,117.8,62,1.9,5,6.09
W8808,F,1995,W8808.1995,1981,14,W8808.1995,2,b,Wcubs,3,no,0,M,1.5,TW,NA,NA,NA.1981,36,1996,-22.99,3.92,94,62,1.516129032,4,4.6586
W8808,F,2002,W8808.2002,1981,21,W8808.2002,2,b,Wcubs,3,no,0,M,unknown,TW,NA,NA,NA.1981,841,2003,-22.816,4.22,83,62,1.338709677,4,7.81
W8811,F,1995,W8811.1995,1978,17,W8811.1995,2,b,Wcubs,3,no,0,M,2.5,TW,NA,NA,NA.1978,37,1996,-22.62,4.69,102,64,1.59375,4,5.1486
W8906,F,1996,W8906.1996,1981,15,W8906.1996,2,b,Wcubs,3,no,0,M,1.5,TW,NA,NA,NA.1981,6,1997,-23.048,4.44,118,65,1.815384615,4,3.6198
W8906,F,1998,W8906.1998,1981,17,W8906.1998,2,b,Wcubs,3,no,0,M,1.5,TW,NA,NA,NA.1981,159,1999,-22.854,4.82,110,66,1.666666667,4,4.3352
W8906,F,2000,W8906.2000,1981,19,W8906.2000,2,b,Wcubs,3,no,0,M,1.5,TW,NA,NA,NA.1981,238,2001,-22.71,4.72,125,69,1.811594203,4,3.3748
W8906,F,2002,W8906.2002,1981,21,W8906.2002,2,b,Wcubs,3,no,0,M,1.5,TW,NA,NA,NA.1981,858,2003,-22.926,4.65,97,65,1.492307692,4,5.36
W8906,F,2004,W8906.2004,1981,23,W8906.2004,2,b,Wcubs,3,no,0,M,1.5,TW,NA,NA,NA.1981,409,2005,-23.742,3.89,127,70,1.814285714,4,8.0592
W9003,F,2000,W9003.2000,1989,11,W9003.2000,2,b,Wcubs,2,no,0,M,1.5,TW,W8802,UNKNOWN25,W8802.1989,239,2001,-22.91,5.1,112,62,1.806451613,4,3.3552
W9007,F,2001,W9007.2001,1986,15,W9007.2001,2,b,Wcubs,NA,no,0,M,1.5,TW,NA,NA,NA.1986,266,2002,-22.858,4.25,90,62,1.451612903,4,5.4328
W9007,F,2003,W9007.2003,1986,17,W9007.2003,2,b,Wcubs,2,no,0,M,1.5,TW,NA,NA,NA.1986,367,2004,-22.934,4.19,98,62,1.580645161,4,4.345
W9008,F,1995,W9008.1995,1986,9,W9008.1995,2,b,Wcubs,3,no,0,M,1.5,TW,W8811,NA,W8811.1986,41,1996,-23.45,3.26,95,60,1.583333333,4,4.6488
W9008,F,1997,W9008.1997,1986,11,W9008.1997,2,b,Wcubs,2,no,0,M,1.5,TW,W8811,NA,W8811.1986,124,1998,-23.356,3.92,102,62,1.64516129,4,3.6394
W9008,F,1999,W9008.1999,1986,13,W9008.1999,2,b,Wcubs,3,no,0,M,1.5,TW,W8811,NA,W8811.1986,833,2000,-23.252,3.92,111,61,1.819672131,4,5.42
W9008,F,2001,W9008.2001,1986,15,W9008.2001,2,b,Wcubs,2,no,0,M,1.5,TW,W8811,NA,W8811.1986,267,2002,-23.378,3.99,96,63,1.523809524,4,5.2956
W9101,F,2002,W9101.2002,1990,12,W9101.2002,2,b,Wcubs,2,no,0,M,1.5,TW,W8906,W8607,W8906.1990,324,2003,-22.856,4.6,81,61,1.327868852,4,5.9522
W9101,F,2004,W9101.2004,1990,14,W9101.2004,2,b,Wcubs,2,no,0,M,1.5,TW,W8906,W8607,W8906.1990,411,2005,-23.392,4.46,106,64,1.65625,4,3.5218
W9307,F,2001,W9307.2001,1992,9,W9307.2001,2,b,Wcubs,3,no,0,M,1.5,TW,W8906,UNKNOWN26,W8906.1992,269,2002,-23.008,4.59,89,59,1.508474576,4,6.8538
W9307,F,2003,W9307.2003,1992,11,W9307.2003,2,b,Wcubs,3,no,0,M,1.5,TW,W8906,UNKNOWN26,W8906.1992,872,2004,-23.574,4.48,110,65,1.692307692,4,9.66
W9310,F,1999,W9310.1999,1992,7,W9310.1999,2,b,Wcubs,3,no,0,M,1.5,TW,W9308,W8807,W9308.1992,220,2000,-22.902,3.87,100,60,1.666666667,4,4.3156
W9403,F,2001,W9403.2001,1993,8,W9403.2001,2,b,Wcubs,4,no,0,M,1.5,TW,W8808,W8607,W8808.1993,270,2002,-22.748,4.47,80,58,1.379310345,4,5.6876
W9404,F,2003,W9404.2003,1993,10,W9404.2003,2,b,Wcubs,3,yes,0,M,litterloss,TW,W9008,W9811,W9008.1993,370,2004,-22.924,4.38,105,63,1.666666667,6,2.728
W9502,F,2001,W9502.2001,1994,7,W9502.2001,2,b,Wcubs,3,no,0,M,1.5,TW,W9308,W8807,W9308.1994,272,2002,-23.168,4.2,88,62,1.419354839,4,7.4124
W9502,F,2003,W9502.2003,1994,9,W9502.2003,2,b,Wcubs,3,no,0,M,1.5,TW,W9308,W8807,W9308.1994,371,2004,-23.464,3.85,100,64,1.5625,4,4.6194
W9615,F,2004,W9615.2004,1995,9,W9615.2004,2,b,Wcubs,2,no,0,M,1.5,TW,W8905,W9409,W8905.1995,882,2005,-23.002,3.88,95,62,1.532258065,4,6.9
W9615,F,2006,W9615.2006,1995,11,W9615.2006,2,b,Wcubs,2,no,0,M,1.5,TW,W8905,W9409,W8905.1995,480,2007,-23.048,4.95,106,63,1.682539683,4,3.8256
W9615,F,2008,W9615.2008,1995,13,W9615.2008,2,b,Wcubs,2,no,0,M,1.5,TW,W8905,W9409,W8905.1995,729,2009,-22.854,4.36,105,63,1.666666667,4,11.17
W9615,F,2010,W9615.2010,1995,15,W9615.2010,2,b,Wcubs,2,no,0,M,unknown,TW,W8905,W9409,W8905.1995,664,2011,-22.26,4.61,90,58,1.551724138,4,12.77
W9806,F,2004,W9806.2004,1996,8,W9806.2004,2,b,Wcubs,2,no,0,M,1.5,TW,W0121,NA,W0121.1996,415,2005,-23.112,4.29,94,64,1.46875,4,5.178
W9806,F,2006,W9806.2006,1996,10,W9806.2006,2,b,Wcubs,3,no,0,M,1.5,TW,W0121,NA,W0121.1996,481,2007,-23.208,4.63,91,64,1.421875,4,4.8938
W9913,F,2005,W9913.2005,1998,7,W9913.2005,2,b,Wcubs,3,no,0,M,1.5,TW,W9404,W9311,W9404.1998,448,2006,-23.22,3.99,99,62,1.596774194,5,4.639
W9903,F,2009,W9903.2009,1997,12,W9903.2009,2,b,Wcubs,3,no,0,M,2.5,TW,NA,NA,NA.1997,790,2010,-22.702,4.27,78,63,1.238095238,4,13.65
W9909,F,2002,W9909.2002,1989,13,W9909.2002,2,b,Wcubs,4,no,0,M,1.5,TW,NA,NA,NA.1989,331,2003,-22.906,3.86,78,66,1.181818182,4,4.247
W0008,F,1999,W0008.1999,1999,0,NA,4,m,Wmother,0,unknown,unknown,N,unknown,C,W9310,W0108,W9310.1999,189,2000,-23.282,4.65,32,40,0.8,4,4.1588
W0010,F,1999,W0010.1999,1999,0,NA,4,m,Wmother,0,unknown,unknown,N,unknown,C,W9403,W9810,W9403.1999,200,2000,-23.152,5.23,30,38.5,0.779220779,4,4.1392
W0015,F,1999,W0015.1999,1999,0,NA,4,m,Wmother,0,unknown,unknown,N,unknown,C,W8904,00WW07,W8904.1999,205,2000,-22.942,5.72,36,41.5,0.86746988,4,3.4336
W0018,F,1999,W0018.1999,1999,0,NA,4,m,Wmother,0,unknown,unknown,N,unknown,C,W9504,V235813,W9504.1999,208,2000,-22.992,5.75,27,38,0.710526316,4,3.9236
W0019,F,1999,W0019.1999,1999,0,NA,4,m,Wmother,0,unknown,unknown,N,unknown,C,W9504,V235813,W9504.1999,209,2000,-22.872,5.66,24,37,0.648648649,4,3.7276
W0020,F,1999,W0020.1999,1999,0,NA,4,m,Wmother,0,unknown,unknown,N,unknown,C,W9504,V235813,W9504.1999,210,2000,-22.952,5.69,24,36,0.666666667,4,4.933
W0021,F,1999,W0021.1999,1999,0,NA,4,m,Wmother,0,unknown,unknown,N,unknown,C,W9008,W9505,W9008.1999,834,2000,-23.252,4.6,30,40,0.75,4,7.45
W0104,F,2000,W0104.2000,2000,0,NA,4,m,Wmother,0,unknown,unknown,N,unknown,C,W9909,UNKNOWN01,W9909.2000,257,2001,-22.81,5.21,34,45,0.755555556,4,4.1294
W0105,F,2000,W0105.2000,2000,0,NA,4,m,Wmother,0,unknown,unknown,N,unknown,C,W9909,UNKNOWN01,W9909.2000,258,2001,-22.79,5.72,35,45,0.777777778,4,3.4042
W0107,F,2000,W0107.2000,2000,0,NA,4,m,Wmother,0,unknown,unknown,N,unknown,C,W9003,W0801,W9003.2000,260,2001,-22.69,5.49,28.5,44,0.647727273,4,3.708
W0107,F,2004,W0107.2004,2000,4,NA,1,l,Sfem,0,unknown,unknown,N,unknown,C,W9003,W0801,W9003.2000,418,2005,-22.882,5.07,79,59,1.338983051,4,4.8252
W0205,F,2001,W0205.2001,2001,0,NA,4,m,Wmother,0,unknown,unknown,N,unknown,C,W9502,W0108,W9502.2001,291,2002,-23.058,5.06,18,38,0.473684211,4,4.8154
W0208,F,2001,W0208.2001,2001,0,NA,4,m,Wmother,0,unknown,unknown,N,unknown,C,W0109,UNKNOWN03,W0109.2001,294,2002,-22.938,3.9,17,38,0.447368421,4,5.4132
W0209,F,2001,W0209.2001,2001,0,NA,4,m,Wmother,0,unknown,unknown,N,unknown,C,W0109,W9701,W0109.2001,295,2002,-22.838,4.3,16,37,0.432432432,4,5.6778
W0212,F,2001,W0212.2001,2001,0,NA,4,m,Wmother,0,unknown,unknown,N,unknown,C,W9307,W9701,W9307.2001,298,2002,-22.868,5.4,17,38,0.447368421,4,5.4818
W0214,F,2001,W0214.2001,2001,0,NA,4,m,Wmother,0,unknown,unknown,N,unknown,C,W0004,UNKNOWN04,W0004.2001,300,2002,-23.038,4.72,27,41.5,0.65060241,4,5.3152
W0217,F,2001,W0217.2001,2001,0,NA,4,m,Wmother,0,unknown,unknown,N,unknown,C,W9403,UNKNOWN02,W9403.2001,303,2002,-22.968,4.72,10,35.5,0.281690141,4,5.5112
W0219,F,2001,W0219.2001,2001,0,NA,4,m,Wmother,0,unknown,unknown,N,unknown,C,W9008,W0202,W9008.2001,305,2002,-23.228,4.73,24,42,0.571428571,4,5.1976
W0304,F,2002,W0304.2002,2002,0,NA,4,m,Wmother,0,unknown,unknown,N,unknown,C,W9909,V005505,W9909.2002,343,2003,-22.966,4.8,29,NA,NA,4,3.4238
W0305,F,2002,W0305.2002,2002,0,NA,4,m,Wmother,0,unknown,unknown,N,unknown,C,W9909,V086305,W9909.2002,344,2003,-22.956,4.79,24,NA,NA,4,5.0016
W0306,F,2002,W0306.2002,2002,0,NA,4,m,Wmother,0,unknown,unknown,N,unknown,C,W9909,V005505,W9909.2002,345,2003,-22.846,4.99,24.5,NA,NA,4,4.5508
W0309,F,2002,W0309.2002,2002,0,NA,4,m,Wmother,0,unknown,unknown,N,unknown,C,W9804,V190306,W9804.2002,864,2003,-22.966,4.82,10,35,0.285714286,4,13.43
W0311,F,2002,W0311.2002,2002,0,NA,4,m,Wmother,0,unknown,unknown,N,unknown,C,W9310,02WW06,W9310.2002,348,2003,-22.516,4.82,20,40,0.5,4,5.8346
W0317,F,2002,W0317.2002,2002,0,NA,4,m,Wmother,0,unknown,unknown,N,unknown,C,W9615,W0233,W9615.2002,352,2003,-22.616,5.11,21,40,0.525,4,4.1392
W0318,F,2002,W0318.2002,2002,0,NA,4,m,Wmother,0,unknown,unknown,N,unknown,C,W9308,W0801,W9308.2002,867,2003,-22.866,5.51,25,41,0.609756098,4,6.38
W0323,F,2004,W0323.2004,2000,4,NA,1,l,Sfem,0,unknown,unknown,N,unknown,C,NA,NA,NA.2000,429,2005,-22.812,4.55,94,60,1.566666667,4,3.7472
W0401,F,2003,W0401.2003,2003,0,NA,4,m,Wmother,0,unknown,unknown,N,unknown,C,W9502,UNKNOWN07,W9502.2003,389,2004,-23.404,4.61,21,40,0.525,4,4.394
W0402,F,2003,W0402.2003,2003,0,NA,4,m,Wmother,0,unknown,unknown,N,unknown,C,W9502,V118304,W9502.2003,390,2004,-23.054,4.9,30,42,0.714285714,4,3.904
W0402,F,2003,W0402.2003,2003,0,NA,4,m,Wmother,0,unknown,unknown,N,unknown,C,W9502,V118304,W9502.2003,402,2004,-23.614,4.85,30,42,0.714285714,4,4.345
W0403,F,2003,W0403.2003,2003,0,NA,4,m,Wmother,0,unknown,unknown,N,unknown,C,W9502,V118304,W9502.2003,391,2004,-23.104,4.83,26,42,0.619047619,4,4.0118
W0405,F,2003,W0405.2003,2003,0,NA,4,m,Wmother,0,unknown,unknown,N,unknown,C,W9007,W9916,W9007.2003,393,2004,-22.964,4.76,29,45,0.644444444,4,3.3552
W0407,F,2003,W0407.2003,2003,0,NA,4,m,Wmother,0,unknown,unknown,N,unknown,C,W0234,W9401,W0234.2003,395,2004,-23.504,4.36,17,38,0.447368421,4,2.8946
W0410,F,2003,W0410.2003,2003,0,NA,4,m,Wmother,0,unknown,unknown,N,unknown,C,W9307,W9701,W9307.2003,877,2004,-23.454,4.64,27,39,0.692307692,4,12.18
W0412,F,2003,W0412.2003,2003,0,NA,4,m,Wmother,0,unknown,unknown,N,unknown,C,W0109,V167506,W0109.2003,396,2004,-23.524,4.35,21,39,0.538461538,4,3.6002
W0415,F,2003,W0415.2003,2003,0,NA,4,m,Wmother,0,unknown,unknown,N,unknown,C,W9913,W0201,W9913.2003,399,2004,-23.254,4.41,27,41,0.658536585,4,3.1004
W0416,F,2003,W0416.2003,2003,0,NA,4,m,Wmother,0,unknown,unknown,N,unknown,C,W9913,W0423,W9913.2003,400,2004,-23.234,4.35,25,45,0.555555556,4,3.7864
W0419,F,2003,W0419.2003,2003,0,NA,4,m,Wmother,0,unknown,unknown,N,unknown,C,W0237,V151510,W0237.2003,880,2004,-22.924,4.88,22,38.5,0.571428571,4,12.88
W0422,F,2003,W0422.2003,2003,0,NA,4,m,Wmother,0,unknown,unknown,N,unknown,C,W0004,W9401,W0004.2003,881,2004,-23.154,4.36,27,40,0.675,4,7.75
W0503,F,2004,W0503.2004,2004,0,NA,4,m,Wmother,0,unknown,unknown,N,unknown,C,W9806,W0233,W9806.2004,434,2005,-22.972,4.97,24,42,0.571428571,4,5.3936
W0504,F,2004,W0504.2004,2004,0,NA,4,m,Wmother,0,unknown,unknown,N,unknown,C,W0326,W9301,W0326.2004,884,2005,-22.562,3.76,25,41,0.609756098,4,6.23
W0505,F,2004,W0505.2004,2004,0,NA,4,m,Wmother,0,unknown,unknown,N,unknown,C,W9101,V497311,W9101.2004,435,2005,-23.642,4.28,23.5,40,0.5875,4,5.8346
W0507,F,2004,W0507.2004,2004,0,NA,4,m,Wmother,0,unknown,unknown,N,unknown,C,W8906,W0230,W8906.2004,437,2005,-23.892,4.4,22,41,0.536585366,4,5.9718
W0508,F,2004,W0508.2004,2004,0,NA,4,m,Wmother,0,unknown,unknown,N,unknown,C,W0018,NA,W0018.2004,438,2005,-23.042,4.8,17,38.5,0.441558442,4,7.3242
W0509,F,2004,W0509.2004,2004,0,NA,4,m,Wmother,0,unknown,unknown,N,unknown,C,W9903,NA,W9903.2004,439,2005,-22.812,4.16,22,43,0.511627907,4,6.5206
W0511,F,2004,W0511.2004,2004,0,NA,4,m,Wmother,0,unknown,unknown,N,unknown,C,W9804,W0102,W9804.2004,441,2005,-23.042,4.48,17,28,0.607142857,4,8.5492
W0513,F,2004,W0513.2004,2004,0,NA,4,m,Wmother,0,unknown,unknown,N,unknown,C,W0236,V134008,W0236.2004,442,2005,-23.012,4.98,22,40,0.55,4,5.423
W0602,F,2005,W0602.2005,2005,0,NA,4,m,Wmother,0,unknown,unknown,N,unknown,C,W0104,V095408,W0104.2005,894,2006,-23.47,4.9,19,41,0.463414634,4,15.59
W0603,F,2005,W0603.2005,2005,0,NA,4,m,Wmother,0,unknown,unknown,N,unknown,C,W9909,V095408,W9909.2005,461,2006,-23.06,5.67,41,48,0.854166667,4,3.6688
W0605,F,2005,W0605.2005,2005,0,NA,4,m,Wmother,0,unknown,unknown,N,unknown,C,W0229,UNKNOWN11,W0229.2005,896,2006,-23.38,4.61,20,38,0.526315789,4,13.15
W0606,F,2005,W0606.2005,2005,0,NA,4,m,Wmother,0,unknown,unknown,N,unknown,C,W0229,W0228,W0229.2005,897,2006,-23.17,4.82,20,38,0.526315789,4,12.76
W0607,F,2005,W0607.2005,2005,0,NA,4,m,Wmother,0,unknown,unknown,N,unknown,C,W8904,UNKNOWN12,W8904.2005,462,2006,-23.22,5.06,17,37,0.459459459,4,5.4426
W0608,F,2005,W0608.2005,2005,0,NA,4,m,Wmother,0,unknown,unknown,N,unknown,C,W8904,UNKNOWN13,W8904.2005,463,2006,-23.49,5.14,24,40,0.6,4,9.8232
W0609,F,2005,W0609.2005,2005,0,NA,4,m,Wmother,0,unknown,unknown,N,unknown,C,W8904,V434511,W8904.2005,464,2006,-23.23,5.29,22.5,39,0.576923077,4,6.5304
W0611,F,2005,W0611.2005,2005,0,NA,4,m,Wmother,0,unknown,unknown,N,unknown,C,W0425,W0012,W0425.2005,899,2006,-23.32,4.91,15,35,0.428571429,4,10.22
W0616,F,2005,W0616.2005,2005,0,NA,4,m,Wmother,0,unknown,unknown,N,unknown,C,W0237,W0101,W0237.2005,469,2006,-22.93,5.03,25,42,0.595238095,5,5.2172
W0620,F,2005,W0620.2005,2005,0,NA,4,m,Wmother,0,unknown,unknown,N,unknown,C,W0004,UNKNOWN06,W0004.2005,471,2006,-22.99,5.36,25,40,0.625,5,6.795
W0621,F,2005,W0621.2005,2005,0,NA,4,m,Wmother,0,unknown,unknown,N,unknown,C,W9913,W0424,W9913.2005,472,2006,-23.28,4.53,18,40,0.45,5,4.5312
W0623,F,2005,W0623.2005,2005,0,NA,4,m,Wmother,0,unknown,unknown,N,unknown,C,W9914,W0102,W9914.2005,474,2006,-22.95,5.43,20.5,42,0.488095238,5,5.4034
W0701,F,2006,W0701.2006,2006,0,NA,4,m,Wmother,0,unknown,unknown,N,unknown,C,W0209,W0719,W0209.2006,905,2007,-23.338,5.03,20,NA,NA,4,9.56
W0702,F,2006,W0702.2006,2006,0,NA,4,m,Wmother,0,unknown,unknown,N,unknown,C,W0209,UNKNOWN09,W0209.2006,906,2007,-23.378,5.25,19,NA,NA,4,9.94
W0703,F,2006,W0703.2006,2006,0,NA,4,m,Wmother,0,unknown,unknown,N,unknown,C,W9806,W0012,W9806.2006,501,2007,-23.298,5.35,20.5,40,0.5125,4,5.7268
W0706,F,2006,W0706.2006,2006,0,NA,4,m,Wmother,0,unknown,unknown,N,unknown,C,W9814,W0327,W9814.2006,504,2007,-22.778,5.24,19,39,0.487179487,4,4.6194
W0707,F,2006,W0707.2006,2006,0,NA,4,m,Wmother,0,unknown,unknown,N,unknown,C,W9814,W0327,W9814.2006,505,2007,-22.688,5.12,19,39,0.487179487,4,4.3254
W0709,F,2006,W0709.2006,2006,0,NA,4,m,Wmother,0,unknown,unknown,N,unknown,C,W0018,V184106,W0018.2006,908,2007,-23.008,5.46,25,41.5,0.602409639,4,11.65
W0712,F,2006,W0712.2006,2006,0,NA,4,m,Wmother,0,unknown,unknown,N,unknown,C,W0517,UNKNOWN07,W0517.2006,507,2007,-23.108,5.12,12,37.5,0.32,4,7.6378
W0713,F,2006,W0713.2006,2006,0,NA,4,m,Wmother,0,unknown,unknown,N,unknown,C,W0517,UNKNOWN07,W0517.2006,508,2007,-23.188,5.05,12,38,0.315789474,4,5.0898
W0806,F,2007,W0806.2007,2007,0,NA,4,m,Wmother,0,unknown,unknown,N,unknown,C,W0010,UNKNOWN15,W0010.2007,546,2008,-22.916,4.14,15,39.5,0.379746835,4,4.345
W0806,F,2008,W0806.2008,2007,1,NA,4,m,Wmother,0,unknown,unknown,N,unknown,C,W0010,UNKNOWN15,W0010.2007,759,2009,-23.134,3.71,26,45,0.577777778,4,15.51
W0813,F,2008,W0813.2008,2007,1,NA,4,m,Wmother,0,unknown,unknown,N,unknown,C,W9101,W0717,W9101.2007,765,2009,-23.614,4.13,36,43,0.837209302,4,11.15
W0814,F,2007,W0814.2007,2007,0,NA,4,m,Wmother,0,unknown,unknown,N,unknown,C,W9101,W0308,W9101.2007,553,2008,-23.146,4.69,15,37.5,0.4,4,4.6194
W0814,F,2008,W0814.2008,2007,1,NA,4,m,Wmother,0,unknown,unknown,N,unknown,C,W9101,W0308,W9101.2007,766,2009,-24.054,3.67,33,42,0.785714286,4,10.48
W0816,F,2007,W0816.2007,2007,0,NA,4,m,Wmother,0,unknown,unknown,N,unknown,C,W0326,UNKNOWN17,W0326.2007,555,2008,-22.516,4.63,19,40.5,0.469135802,4,4.639
W0817,F,2007,W0817.2007,2007,0,NA,4,m,Wmother,0,unknown,unknown,N,unknown,C,W0326,UNKNOWN16,W0326.2007,556,2008,-22.696,4.54,17,39,0.435897436,4,7.2948
W0818,F,2007,W0818.2007,2007,0,NA,4,m,Wmother,0,unknown,unknown,N,unknown,C,W0237,V151510,W0237.2007,557,2008,-22.726,4.15,13,35.5,0.366197183,4,8.3924
W0818,F,2008,W0818.2008,2007,1,NA,4,m,Wmother,0,unknown,unknown,N,unknown,C,W0237,V151510,W0237.2007,767,2009,-22.734,3.34,28,42,0.666666667,4,9.59
W0819,F,2007,W0819.2007,2007,0,NA,4,m,Wmother,0,unknown,unknown,N,unknown,C,W0237,V151510,W0237.2007,558,2008,-23.006,4.63,18,38,0.473684211,4,9.06
W0820,F,2007,W0820.2007,2007,0,NA,4,m,Wmother,0,unknown,unknown,N,unknown,C,W0237,V151510,W0237.2007,559,2008,-22.866,4.6,19,40,0.475,4,6.82
W0820,F,2008,W0820.2008,2007,1,NA,4,m,Wmother,0,unknown,unknown,N,unknown,C,W0237,V151510,W0237.2007,768,2009,-22.894,3.66,33,45,0.733333333,4,12.95
W0823,F,2007,W0823.2007,2007,0,NA,4,m,Wmother,0,unknown,unknown,N,unknown,C,W0425,W0327,W0425.2007,562,2008,-23.006,4.5,9.5,35,0.271428571,4,5.57
W0825,F,2007,W0825.2007,2007,0,NA,4,m,Wmother,0,unknown,unknown,N,unknown,C,W0425,V122608,W0425.2007,564,2008,-22.606,4.51,11.5,36,0.319444444,4,5.1878
W0825,F,2008,W0825.2008,2007,1,NA,4,m,Wmother,0,unknown,unknown,N,unknown,C,W0425,V122608,W0425.2007,770,2009,-23.254,3.85,23,43,0.534883721,4,15.36
W0904,F,2008,W0904.2008,2008,0,NA,4,m,Wmother,0,unknown,unknown,N,unknown,C,W0229,W0718,W0229.2008,775,2009,-23.124,4.69,23,40,0.575,4,10.68
W0904,F,2009,W0904.2009,2008,1,NA,4,m,Wmother,0,unknown,unknown,N,unknown,C,W0229,W0718,W0229.2008,808,2010,-22.992,4.57,51,49,1.040816327,4,4.92
W1006,F,2009,W1006.2009,2009,0,NA,4,m,Wmother,0,unknown,unknown,N,unknown,C,W0720,W0719,W0720.2009,817,2010,-23.142,4.82,14.5,38,0.381578947,4,9.59
W1006,F,2010,W1006.2010,2009,1,NA,4,m,Wmother,0,unknown,unknown,N,unknown,C,W0720,W0719,W0720.2009,697,2011,-22.98,4.5,23,45.5,0.505494505,4,7.84
W1009,F,2009,W1009.2009,2009,0,NA,4,m,Wmother,0,unknown,unknown,N,unknown,C,W9903,W0421,W9903.2009,820,2010,-23.262,4.67,17,38,0.447368421,4,12.87
W1011,F,2009,W1011.2009,2009,0,NA,4,m,Wmother,0,unknown,unknown,N,unknown,C,W0826,W0718,W0826.2009,822,2010,-22.792,4.56,17,34,0.5,4,8.78
W1016,M,2009,W1016.2009,2009,0,NA,4,m,Wmother,NA,unknown,unknown,N,unknown,C,W0237,V434511,W0237.2009,827,2010,-22.932,4.38,18,39.5,0.455696203,4,6.9
W1017,F,2009,W1017.2009,2009,0,NA,4,m,Wmother,0,unknown,unknown,N,unknown,C,W0237,V434511,W0237.2009,828,2010,-22.942,4.29,18,40,0.45,4,7.9
W1104,F,2010,W1104.2010,2010,0,NA,4,m,Wmother,0,unknown,unknown,N,unknown,C,W9615,W0718,W9615.2010,703,2011,-22.51,4.7,16,39,0.41025641,4,10.2
W1105,F,2010,W1105.2010,2010,0,NA,4,m,Wmother,0,unknown,unknown,N,unknown,C,W9615,W0718,W9615.2010,704,2011,-22.52,4.46,17,38.5,0.441558442,4,9.67
W1106,F,2010,W1106.2010,2010,0,NA,4,m,Wmother,0,unknown,unknown,N,unknown,C,W0517,UNKNOWN15,W0517.2010,705,2011,-22.49,4.66,10,36,0.277777778,4,14.14
W1110,F,2010,W1110.2010,2010,0,NA,4,m,Wmother,0,unknown,unknown,N,unknown,C,W0326,UNKNOWN22,W0326.2010,709,2011,-22.73,4.51,14,39.5,0.35443038,4,12.01
W1111,F,2010,W1111.2010,2010,0,NA,4,m,Wmother,0,unknown,unknown,N,unknown,C,W0425,V498411,W0425.2010,710,2011,-23.03,4.41,8,36,0.222222222,4,11.45
W1112,F,2010,W1112.2010,2010,0,NA,4,m,Wmother,0,unknown,unknown,N,unknown,C,W0623,W0225,W0623.2010,711,2011,-23.24,4.94,18.5,40.5,0.456790123,4,10.33
W1114,F,2010,W1114.2010,2010,0,NA,4,m,Wmother,NA,unknown,unknown,N,unknown,C,W0219,W0424,W0219.2010,713,2011,-23.26,4.08,14,38,0.368421053,4,10.81
W1205,F,2011,W1205.2011,2011,0,NA,4,m,Wmother,0,unknown,unknown,N,unknown,C,W0104,W9701,W0104.2011,659,2012,-23.328,5.79,20,40,0.5,5,10.08
W1205,F,2012,W1205.2012,2011,1,NA,4,m,Wmother,0,unknown,unknown,N,unknown,C,W0104,W9701,W0104.2011,608,2013,-23.406,4.99,43,48,0.895833333,4,2.43
W1206,F,2011,W1206.2011,2011,0,NA,4,m,Wmother,0,unknown,unknown,N,unknown,C,W0104,V229012,W0104.2011,660,2012,-23.228,5.47,22.5,40.5,0.555555556,5,9.33
W1206,F,2012,W1206.2012,2011,1,NA,4,m,Wmother,0,unknown,unknown,N,unknown,C,W0104,V229012,W0104.2011,609,2013,-23.316,5.18,NA,54,NA,6,3.88
W1209,F,2011,W1209.2011,2011,0,NA,4,m,Wmother,0,unknown,unknown,N,unknown,C,W0716,W0408,W0716.2011,663,2012,-23.738,5.44,NA,37,NA,5,9.71
W1303,F,2012,W1303.2012,2012,0,NA,4,m,Wmother,0,unknown,unknown,N,unknown,C,W9403,UNKNOWN23,W9403.2012,614,2013,-23.246,5.46,19,40.5,0.469135802,4,7.66
W1304,F,2012,W1304.2012,2012,0,NA,4,m,Wmother,0,unknown,unknown,N,unknown,C,W9403,UNKNOWN14,W9403.2012,615,2013,-23.206,5.66,19,39,0.487179487,4,12.79
W1305,F,2012,W1305.2012,2012,0,NA,4,m,Wmother,0,unknown,unknown,N,unknown,C,W0303,V229513,W0303.2012,616,2013,-23.096,4.8,21.5,36,0.597222222,4,9.81
W1309,F,2012,W1309.2012,2012,0,NA,4,m,Wmother,0,unknown,unknown,N,unknown,C,W9914,W0320,W9914.2012,620,2013,-22.186,5.3,21,40,0.525,4,10.79
W1310,F,2012,W1310.2012,2012,0,NA,4,m,Wmother,0,unknown,unknown,N,unknown,C,W0621,UNKNOWN24,W0621.2012,621,2013,-21.976,4.66,18.5,41,0.451219512,4,9.72
W1311,F,2012,W1311.2012,2012,0,NA,4,m,Wmother,0,unknown,unknown,N,unknown,C,W0621,UNKNOWN24,W0621.2012,622,2013,-22.196,5.01,17,37,0.459459459,4,6.95
W1315,F,2012,W1315.2012,2012,0,NA,4,m,Wmother,0,unknown,unknown,N,unknown,C,W0425,W0805,W0425.2012,626,2013,-22.976,4.61,15,38,0.394736842,5,8.01
W1408,F,2015,W1408.2015,2013,2,NA,4,m,Wmother,0,unknown,unknown,N,unknown,C,W0620,W1320,W0620.2013,718,2016,-23.66,6.09,81.6,55,1.483636364,4,5.18
W1614,F,2015,W1614.2015,2015,0,NA,4,m,Wmother,NA,unknown,unknown,N,unknown,C,W9903,NA,W9903.2015,580,2016,-23.48,4.73,17.8,37,0.481081081,5,13.02
W9208,F,1992,W9208.1992,1991,1,NA,4,m,Wmother,0,unknown,unknown,N,unknown,C,W8808,W8503,W8808.1991,102,1993,-22.586,3.87,39.5,50,0.79,4,3.6394
W9504,F,1995,W9504.1995,1994,1,NA,4,m,Wmother,0,unknown,unknown,N,unknown,C,W9308,W8807,W9308.1994,55,1996,-22.8,4.52,35,46.5,0.752688172,5,3.757
W9507,F,1995,W9507.1995,1994,1,NA,4,m,Wmother,0,unknown,unknown,N,unknown,C,W8906,W8607,W8906.1994,57,1996,-23.2,3.64,28,42,0.666666667,4,4.9428
W9601,F,1996,W9601.1996,1995,1,NA,4,m,Wmother,0,unknown,unknown,N,unknown,C,W9003,UNKNOWN19,W9003.1995,24,1997,-22.628,5.13,41,46,0.891304348,4,2.9926
W9601,F,1997,W9601.1997,1995,2,NA,4,m,Wmother,0,unknown,unknown,N,unknown,C,W9003,UNKNOWN19,W9003.1995,136,1998,-22.986,4.87,72,54,1.333333333,4,3.0906
W9602,F,1995,W9602.1995,1995,0,NA,4,m,Wmother,0,unknown,unknown,N,unknown,C,W9003,UNKNOWN27,W9003.1995,63,1996,-22.92,4.86,18,39,0.461538462,4,4.394
W9602,F,1996,W9602.1996,1995,1,NA,4,m,Wmother,0,unknown,unknown,N,unknown,C,W9003,UNKNOWN27,W9003.1995,25,1997,-22.278,5.12,45,45,1,4,2.3066
W9605,F,1996,W9605.1996,1995,1,NA,4,m,Wmother,0,unknown,unknown,N,unknown,C,W8811,W9921,W8811.1995,26,1997,-22.338,4.81,53,47,1.127659574,4,2.3164
W9605,F,1997,W9605.1997,1995,2,NA,4,m,Wmother,0,unknown,unknown,N,unknown,C,W8811,W9921,W8811.1995,137,1998,-22.096,6.16,64,57,1.122807018,4,2.434
W9606,F,1995,W9606.1995,1995,0,NA,4,m,Wmother,0,unknown,unknown,N,unknown,C,W9207,W9002,W9207.1995,66,1996,-23.66,4.67,21,41,0.512195122,4,4.5116
W9607,F,1995,W9607.1995,1995,0,NA,4,m,Wmother,0,unknown,unknown,N,unknown,C,W9207,W9002,W9207.1995,67,1996,-23.56,4.54,21,40,0.525,4,4.3254
W9613,F,1995,W9613.1995,1995,0,NA,4,m,Wmother,0,unknown,unknown,N,unknown,C,W8808,W8806,W8808.1995,72,1996,-23.37,4.44,26,43,0.604651163,4,5.5308
W9615,F,1995,W9615.1995,1995,0,NA,4,m,Wmother,0,unknown,unknown,N,unknown,C,W8905,W9409,W8905.1995,74,1996,-22.95,4.48,21,39.5,0.53164557,4,5.766
W9703,F,1996,W9703.1996,1996,0,NA,4,m,Wmother,0,unknown,unknown,N,unknown,C,W8904,W9011,W8904.1996,32,1997,-22.608,5.85,37,43,0.860465116,4,3.7472
W9803,F,1997,W9803.1997,1997,0,NA,4,m,Wmother,0,unknown,unknown,N,unknown,C,W9310,V184106,W9310.1997,146,1998,-22.876,5.23,28,43,0.651162791,4,3.6492
W9804,F,1997,W9804.1997,1997,0,NA,4,m,Wmother,0,unknown,unknown,N,unknown,C,W9008,W9811,W9008.1997,147,1998,-23.166,4.81,27,43,0.627906977,4,4.1784
W9805,F,1997,W9805.1997,1997,0,NA,4,m,Wmother,0,unknown,unknown,N,unknown,C,W9008,W9811,W9008.1997,148,1998,-23.216,4.8,25,40,0.625,4,4.688
W9808,F,1997,W9808.1997,1997,0,NA,4,m,Wmother,0,unknown,unknown,N,unknown,C,W9306,UNKNOWN19,W9306.1997,150,1998,-23.226,4.51,24,42,0.571428571,4,4.6488
W9812,F,1997,W9812.1997,1997,0,NA,4,m,Wmother,0,unknown,unknown,N,unknown,C,W9308,W8807,W9308.1997,153,1998,-23.106,4.94,20,42,0.476190476,4,3.561
W9812,F,1997,W9812.1997,1997,0,NA,4,m,Wmother,0,unknown,unknown,N,unknown,C,W9308,W8807,W9308.1997,154,1998,-22.556,4.6,20,42,0.476190476,4,5.3642
W9812,F,1999,W9812.1999,1997,2,NA,4,m,Wmother,0,unknown,unknown,N,unknown,C,W9308,W8807,W9308.1997,225,2000,-22.602,5.34,63,55,1.145454545,6,3.8648
W9814,F,1997,W9814.1997,1997,0,NA,4,m,Wmother,0,unknown,unknown,N,unknown,C,W9308,W8807,W9308.1997,156,1998,-22.696,5.3,23,42,0.547619048,4,4.2274
W9814,F,2000,W9814.2000,1997,3,NA,1,l,Sfem,0,unknown,unknown,N,unknown,C,W9308,W8807,W9308.1997,245,2001,-22.8,4.57,67,54,1.240740741,4,4.3254
W9902,F,1998,W9902.1998,1998,0,NA,4,m,Wmother,0,unknown,unknown,N,unknown,C,W9208,UNKNOWN11,W9208.1998,170,1999,-22.874,5.94,45,46,0.97826087,4,3.2376
W9905,F,1998,W9905.1998,1998,0,NA,4,m,Wmother,0,unknown,unknown,N,unknown,C,W9904,V146007,W9904.1998,174,1999,-21.694,7.33,26,41,0.634146341,4,3.0122
W9908,F,1998,W9908.1998,1998,0,NA,4,m,Wmother,0,unknown,unknown,N,unknown,C,W9003,UNKNOWN19,W9003.1998,176,1999,-22.774,4.69,23,41.5,0.554216867,4,4.1294
W9908,F,1999,W9908.1999,1998,1,NA,4,m,Wmother,0,unknown,unknown,N,unknown,C,W9003,UNKNOWN19,W9003.1998,227,2000,-22.512,4.46,51,49,1.040816327,6,3.2964
W9910,F,1998,W9910.1998,1998,0,NA,4,m,Wmother,0,unknown,unknown,N,unknown,C,W8808,02WW96,W8808.1998,177,1999,-22.844,5,27,50,0.54,6,4.3744
W9911,F,1998,W9911.1998,1998,0,NA,4,m,Wmother,0,unknown,unknown,N,unknown,C,W8808,W9301,W8808.1998,178,1999,-22.994,4.92,22.5,38,0.592105263,4,4.4234
W9912,F,1998,W9912.1998,1998,0,NA,4,m,Wmother,0,unknown,unknown,N,unknown,C,W8808,UNKNOWN02,W8808.1998,179,1999,-22.884,4.79,21,39,0.538461538,4,4.3058
W9913,F,1998,W9913.1998,1998,0,NA,4,m,Wmother,0,unknown,unknown,N,unknown,C,W9404,W9311,W9404.1998,180,1999,-22.974,4.34,23,40,0.575,4,4.1686
W9914,F,1998,W9914.1998,1998,0,NA,4,m,Wmother,0,unknown,unknown,N,unknown,C,W9404,W9311,W9404.1998,181,1999,-22.824,4.67,22,41,0.536585366,4,4.2568
W9919,F,1998,W9919.1998,1998,0,NA,4,m,Wmother,0,unknown,unknown,N,unknown,C,W8906,W9807,W8906.1998,186,1999,-22.784,5.26,22,40,0.55,4,4.2372
W0018,F,2002,W0018.2002,1999,3,NA,1,l,Sfem,0,unknown,unknown,N,unknown,NA,W9504,V235813,W9504.1999,334,2003,-22.516,4.78,88,58,1.517241379,4,4.5704
W0117,F,2000,W0117.2000,2000,0,NA,4,m,Wmother,0,unknown,unknown,N,unknown,NA,W8906,W9301,W8906.2000,249,2001,-21.95,5.64,18,39,0.461538462,4,4.9722
W0120,F,2001,W0120.2001,1999,2,NA,1,unknown,Sfem,0,unknown,unknown,N,unknown,NA,W9007,W0108,W9007.1999,286,2002,-23.028,4.12,58,52,1.115384615,4,3.8942
W0120,F,2002,W0120.2002,1999,3,NA,1,l,Sfem,0,unknown,unknown,N,unknown,NA,W9007,W0108,W9007.1999,337,2003,-22.676,3.7,80,60,1.333333333,5,5.2368
W0208,F,2003,W0208.2003,2001,2,NA,1,l,Sfem,0,unknown,unknown,N,unknown,NA,W0109,UNKNOWN03,W0109.2001,379,2004,-23.134,3.92,50,49,1.020408163,4,3.463
W0208,F,2004,W0208.2004,2001,3,NA,1,l,Sfem,0,unknown,unknown,N,unknown,NA,W0109,UNKNOWN03,W0109.2001,419,2005,-22.852,3.95,65,53,1.226415094,5,4.8742
W0209,F,2003,W0209.2003,2001,2,NA,1,l,Sfem,0,unknown,unknown,N,unknown,NA,W0109,W9701,W0109.2001,380,2004,-22.974,4.45,61,52.5,1.161904762,4,3.0024
W0209,F,2004,W0209.2004,2001,3,NA,1,l,Sfem,0,unknown,unknown,N,unknown,NA,W0109,W9701,W0109.2001,420,2005,-23.202,4.94,71,56,1.267857143,4,3.8256
W0212,F,2004,W0212.2004,2001,3,NA,1,l,Sfem,0,unknown,unknown,N,unknown,NA,W9307,W9701,W9307.2001,421,2005,-23.142,4.71,72,55,1.309090909,4,5.7268
W0212,F,2005,W0212.2005,2001,4,NA,1,l,Sfem,0,unknown,unknown,N,unknown,NA,W9307,W9701,W9307.2001,452,2006,-23.26,5.16,93,60,1.55,4,3.1298
W0217,F,2003,W0217.2003,2001,2,NA,1,l,Sfem,0,unknown,unknown,N,unknown,NA,W9403,UNKNOWN02,W9403.2001,382,2004,-23.294,4.22,45,46,0.97826087,4,3.4924
W0217,F,2004,W0217.2004,2001,3,NA,1,l,Sfem,0,unknown,unknown,N,unknown,NA,W9403,UNKNOWN02,W9403.2001,422,2005,-23.902,4.21,53,53,1,4,4.1098
W0219,F,2004,W0219.2004,2001,3,NA,1,l,Sfem,0,unknown,unknown,N,unknown,NA,W9008,W0202,W9008.2001,423,2005,-23.512,4.81,78,59,1.322033898,4,5.325
W0221,F,2001,W0221.2001,2001,0,NA,4,m,Wmother,0,unknown,unknown,N,unknown,NA,W9404,W9311,W9404.2001,307,2002,-23.178,4.46,23,40,0.575,4,5.1976
W0221,F,2004,W0221.2004,2001,3,NA,1,l,Sfem,0,unknown,unknown,N,unknown,NA,W9404,W9311,W9404.2001,424,2005,-23.012,3.95,76,59,1.288135593,4,4.9036
W0223,F,2001,W0223.2001,2001,0,NA,4,m,Wmother,0,unknown,unknown,N,unknown,NA,W9404,W9505,W9404.2001,309,2002,-23.038,4.7,21,40,0.525,4,6.0306
W0229,F,2003,W0229.2003,1998,5,NA,1,l,Sfem,0,unknown,unknown,N,unknown,NA,01WW09,W9921,01WW09.1998,383,2004,-22.664,4.65,98,60,1.633333333,4,2.4634
W0229,F,2004,W0229.2004,1998,6,NA,1,l,Sfem,0,unknown,unknown,N,unknown,NA,01WW09,W9921,01WW09.1998,426,2005,-22.772,4.81,92,58,1.586206897,4,3.7864
W0303,F,2002,W0303.2002,2002,0,NA,4,m,Wmother,0,unknown,unknown,N,unknown,NA,W8906,W0012,W8906.2002,342,2003,-23.106,5.52,18,38,0.473684211,4,4.2372
W0303,F,2004,W0303.2004,2002,2,NA,1,l,Sfem,0,unknown,unknown,N,unknown,NA,W8906,W0012,W8906.2002,428,2005,-23.182,4.14,49,49,1,4,4.541
W0407,F,2005,W0407.2005,2003,2,NA,1,l,Sfem,0,unknown,unknown,N,unknown,NA,W0234,W9401,W0234.2003,455,2006,-22.81,4.85,NA,51,NA,6,4.8546
W0410,F,2005,W0410.2005,2003,2,NA,1,l,Sfem,0,unknown,unknown,N,unknown,NA,W9307,W9701,W9307.2003,456,2006,-23.36,4.51,54,49.5,1.090909091,4,4.933
W0410,F,2006,W0410.2006,2003,3,NA,1,l,Sfem,0,unknown,unknown,N,unknown,NA,W9307,W9701,W9307.2003,488,2007,-23.378,4.71,72,58,1.24137931,4,2.777
W0411,F,2005,W0411.2005,2003,2,NA,1,l,Sfem,0,unknown,unknown,N,unknown,NA,W9307,W9701,W9307.2003,457,2006,-23.34,4.92,60,51,1.176470588,4,3.4336
W0411,F,2006,W0411.2006,2003,3,NA,1,l,Sfem,0,unknown,unknown,N,unknown,NA,W9307,W9701,W9307.2003,489,2007,-23.638,5.11,85,57,1.49122807,4,3.8746
W0415,F,2006,W0415.2006,2003,3,NA,1,l,Sfem,0,unknown,unknown,N,unknown,NA,W9913,W0201,W9913.2003,490,2007,-22.648,4.39,74,57,1.298245614,5,2.6006
W0416,F,2006,W0416.2006,2003,3,NA,1,l,Sfem,0,unknown,unknown,N,unknown,NA,W9913,W0423,W9913.2003,491,2007,-23.008,4.52,76,59,1.288135593,4,3.022
W0422,F,2005,W0422.2005,2003,2,NA,1,l,Sfem,0,unknown,unknown,N,unknown,NA,W0004,W9401,W0004.2003,458,2006,-22.83,4.63,65,53,1.226415094,4,3.806
W0422,F,2006,W0422.2006,2003,3,NA,1,l,Sfem,0,unknown,unknown,N,unknown,NA,W0004,W9401,W0004.2003,492,2007,-22.798,4.67,NA,61,NA,5,3.8452
W0422,F,2007,W0422.2007,2003,4,NA,1,l,Sfem,0,unknown,unknown,N,unknown,NA,W0004,W9401,W0004.2003,526,2008,-22.706,4.62,83,61,1.360655738,4,3.57
W0422,F,2007,W0422.2007,2003,4,NA,1,l,Sfem,0,unknown,unknown,N,unknown,NA,W0004,W9401,W0004.2003,526,2008,-22.706,4.62,83,61,1.360655738,4,3.57
W0422,F,2008,W0422.2008,2003,5,NA,1,l,Sfem,0,unknown,unknown,N,unknown,NA,W0004,W9401,W0004.2003,741,2009,-22.704,4.18,82,62,1.322580645,4,8.8
W0503,F,2006,W0503.2006,2004,2,NA,1,l,Sfem,0,unknown,unknown,N,unknown,NA,W9806,W0233,W9806.2004,493,2007,-22.998,4.74,63,56,1.125,4,4.6096
W0503,F,2007,W0503.2007,2004,3,NA,1,l,Sfem,0,unknown,unknown,N,unknown,NA,W9806,W0233,W9806.2004,529,2008,-22.716,4.86,70,57,1.228070175,4,4.6488
W0507,F,2006,W0507.2006,2004,2,NA,1,l,Sfem,0,unknown,unknown,N,unknown,NA,W8906,W0230,W8906.2004,494,2007,-22.768,4.83,59,53.5,1.102803738,4,2.7182
W0507,F,2007,W0507.2007,2004,3,NA,1,l,Sfem,0,unknown,unknown,N,unknown,NA,W8906,W0230,W8906.2004,531,2008,-22.736,4.16,63,58,1.086206897,4,2.5908
W0605,F,2009,W0605.2009,2005,4,NA,1,l,Sfem,0,unknown,unknown,N,unknown,NA,W0229,UNKNOWN11,W0229.2005,798,2010,-22.952,4.69,70,58.5,1.196581197,4,3.78
W0605,F,2010,W0605.2010,2005,5,NA,1,l,Sfem,0,unknown,unknown,N,unknown,NA,W0229,UNKNOWN11,W0229.2005,672,2011,-22.69,4.74,73,57,1.280701754,4,5.61
W0605,F,2011,W0605.2011,2005,6,NA,1,l,Sfem,0,unknown,unknown,N,unknown,NA,W0229,UNKNOWN11,W0229.2005,635,2012,-22.988,4.48,67,57,1.175438596,5,5.2
W0610,F,2007,W0610.2007,2005,2,NA,1,l,Sfem,0,unknown,unknown,N,unknown,NA,W0425,UNKNOWN03,W0425.2005,532,2008,-22.636,4.01,28,44,0.636363636,4,2.9632
W0610,F,2008,W0610.2008,2005,3,NA,1,l,Sfem,0,unknown,unknown,N,unknown,NA,W0425,UNKNOWN03,W0425.2005,745,2009,-22.874,4.36,45,46,0.97826087,4,16.43
W0610,F,2009,W0610.2009,2005,4,NA,1,l,Sfem,0,unknown,unknown,N,unknown,NA,W0425,UNKNOWN03,W0425.2005,799,2010,-22.792,4.4,47,50,0.94,4,4.69
W0610,F,2009,W0610.2009,2005,4,NA,1,l,Sfem,0,unknown,unknown,N,unknown,NA,W0425,UNKNOWN03,W0425.2005,801,2010,-23.142,4.31,47,50,0.94,4,5.52
W0610,F,2010,W0610.2010,2005,5,NA,1,l,Sfem,0,unknown,unknown,N,unknown,NA,W0425,UNKNOWN03,W0425.2005,674,2011,-22.45,3.86,51,52,0.980769231,4,5.69
W0610,F,2011,W0610.2011,2005,6,NA,1,l,Sfem,0,unknown,unknown,N,unknown,NA,W0425,UNKNOWN03,W0425.2005,636,2012,-22.778,4.81,61.5,52,1.182692308,5,5.26
W0611,F,2008,W0611.2008,2005,3,NA,1,l,Sfem,0,unknown,unknown,N,unknown,NA,W0425,W0012,W0425.2005,746,2009,-23.064,4.06,46,47,0.978723404,4,8.32
W0611,F,2009,W0611.2009,2005,4,NA,1,l,Sfem,0,unknown,unknown,N,unknown,NA,W0425,W0012,W0425.2005,800,2010,-23.152,4.24,48,50.5,0.95049505,4,5.19
W0611,F,2010,W0611.2010,2005,5,NA,1,l,Sfem,0,unknown,unknown,N,unknown,NA,W0425,W0012,W0425.2005,675,2011,-22.39,4.63,55,51,1.078431373,4,5.83
W0611,F,2011,W0611.2011,2005,6,NA,1,l,Sfem,0,unknown,unknown,N,unknown,NA,W0425,W0012,W0425.2005,637,2012,-22.768,4.47,81.9,56,1.4625,5,6.74
W0611,F,2012,W0611.2012,2005,7,NA,1,l,Sfem,0,unknown,unknown,N,unknown,NA,W0425,W0012,W0425.2005,589,2013,-22.636,5.51,79,54,1.462962963,4,13.91
W0616,F,2008,W0616.2008,2005,3,NA,1,l,Sfem,0,unknown,unknown,N,unknown,NA,W0237,W0101,W0237.2005,748,2009,-22.924,4.39,77,62,1.241935484,4,8.81
W0616,F,2009,W0616.2009,2005,4,NA,1,l,Sfem,0,unknown,unknown,N,unknown,NA,W0237,W0101,W0237.2005,802,2010,-22.862,4.5,81,58,1.396551724,4,4.83
W0620,F,2007,W0620.2007,2005,2,NA,1,l,Sfem,0,unknown,unknown,N,unknown,NA,W0004,UNKNOWN06,W0004.2005,534,2008,-22.876,4.61,NA,57,NA,5,4.198
W0620,F,2008,W0620.2008,2005,3,NA,1,l,Sfem,0,unknown,unknown,N,unknown,NA,W0004,UNKNOWN06,W0004.2005,749,2009,-22.694,4.69,77,58,1.327586207,4,9.21
W0620,F,2008,W0620.2008,2005,3,NA,1,l,Sfem,0,unknown,unknown,N,unknown,NA,W0004,UNKNOWN06,W0004.2005,749,2009,-22.694,4.69,77,58,1.327586207,4,9.21
W0621,F,2008,W0621.2008,2005,3,NA,1,l,Sfem,0,unknown,unknown,N,unknown,NA,W9913,W0424,W9913.2005,750,2009,-22.524,4.33,78,57,1.368421053,4,6.99
W0622,F,2005,W0622.2005,2005,0,NA,4,m,Wmother,0,unknown,unknown,N,unknown,NA,W9913,W0424,W9913.2005,473,2006,-23.37,4.81,20.5,40,0.5125,5,7.579
W0622,F,2008,W0622.2008,2005,3,NA,1,l,Sfem,0,unknown,unknown,N,unknown,NA,W9913,W0424,W9913.2005,751,2009,-23.254,4.53,78,61,1.278688525,5,13.05
W0622,F,2009,W0622.2009,2005,4,NA,1,l,Sfem,0,unknown,unknown,N,unknown,NA,W9913,W0424,W9913.2005,803,2010,-23.362,3.95,98,63,1.555555556,4,4.67
W0623,F,2008,W0623.2008,2005,3,NA,1,l,Sfem,0,unknown,unknown,N,unknown,NA,W9914,W0102,W9914.2005,752,2009,-22.784,4.28,69,60,1.15,4,9.14
W0703,F,2008,W0703.2008,2006,2,NA,1,l,Sfem,0,unknown,unknown,N,unknown,NA,W9806,W0012,W9806.2006,754,2009,-22.864,4.17,51,52,0.980769231,4,6.48
W0703,F,2009,W0703.2009,2006,3,NA,1,l,Sfem,0,unknown,unknown,N,unknown,NA,W9806,W0012,W9806.2006,832,2010,-22.862,4.79,59,51,1.156862745,4,3.55
W0703,F,2010,W0703.2010,2006,4,NA,1,l,Sfem,0,unknown,unknown,N,unknown,NA,W9806,W0012,W9806.2006,678,2011,-22.97,4.81,74,56,1.321428571,5,4.3
W0706,F,2009,W0706.2009,2006,3,NA,1,l,Sfem,0,unknown,unknown,N,unknown,NA,W9814,W0327,W9814.2006,843,2010,-23.132,4.27,61,56,1.089285714,4,5.43
W0713,F,2009,W0713.2009,2006,3,NA,1,l,Sfem,0,unknown,unknown,N,unknown,NA,W0517,UNKNOWN07,W0517.2006,844,2010,-22.962,4.74,46,50,0.92,4,6.82
W0713,F,2012,W0713.2012,2006,6,NA,1,l,Sfem,0,unknown,unknown,N,unknown,NA,W0517,UNKNOWN07,W0517.2006,594,2013,-23.006,5.17,77,58,1.327586207,5,24.06
W0806,F,2009,W0806.2009,2007,2,NA,1,l,Sfem,0,unknown,unknown,N,unknown,NA,W0010,UNKNOWN15,W0010.2007,851,2010,-23.352,3.93,45,47,0.957446809,4,6.34
W0806,F,2010,W0806.2010,2007,3,NA,1,l,Sfem,0,unknown,unknown,N,unknown,NA,W0010,UNKNOWN15,W0010.2007,684,2011,-22.68,4.59,51,51,1,4,9.63
W0806,F,2011,W0806.2011,2007,4,NA,1,l,Sfem,0,unknown,unknown,N,unknown,NA,W0010,UNKNOWN15,W0010.2007,643,2012,-22.818,4.49,67,54,1.240740741,4,6.74
W0806,F,2012,W0806.2012,2007,5,NA,1,l,Sfem,0,unknown,unknown,N,unknown,NA,W0010,UNKNOWN15,W0010.2007,597,2013,-22.926,5.09,77,57,1.350877193,5,6.16
W0818,F,2010,W0818.2010,2007,3,NA,1,l,Sfem,0,unknown,unknown,N,unknown,NA,W0237,V151510,W0237.2007,688,2011,-22.26,4.03,48,50,0.96,4,6.11
W0818,F,2010,W0818.2010,2007,3,NA,1,l,Sfem,0,unknown,unknown,N,unknown,NA,W0237,V151510,W0237.2007,688,2011,-22.26,4.03,48,50,0.96,4,6.11
W0818,F,2011,W0818.2011,2007,4,NA,1,l,Sfem,0,unknown,unknown,N,unknown,NA,W0237,V151510,W0237.2007,646,2012,-22.698,4.3,54.5,53,1.028301887,4,6.01
W0818,F,2012,W0818.2012,2007,5,NA,1,l,Sfem,0,unknown,unknown,N,unknown,NA,W0237,V151510,W0237.2007,600,2013,-22.786,4.31,69,57,1.210526316,4,3.8
W0818,F,2015,W0818.2015,2007,8,NA,1,l,Sfem,0,unknown,unknown,N,unknown,NA,W0237,V151510,W0237.2007,574,2016,-21.06,4.38,87.4,58,1.506896552,4,7.11
W0820,F,2009,W0820.2009,2007,2,NA,1,l,Sfem,0,unknown,unknown,N,unknown,NA,W0237,V151510,W0237.2007,855,2010,-22.782,4.1,55,51,1.078431373,6,12.34
W0820,F,2010,W0820.2010,2007,3,NA,1,l,Sfem,0,unknown,unknown,N,unknown,NA,W0237,V151510,W0237.2007,689,2011,-22.51,4.14,57,53.5,1.065420561,4,7.69
W0820,F,2010,W0820.2010,2007,3,NA,1,l,Sfem,0,unknown,unknown,N,unknown,NA,W0237,V151510,W0237.2007,689,2011,-22.51,4.14,57,53.5,1.065420561,4,7.69
W0820,F,2010,W0820.2010,2007,3,NA,1,l,Sfem,0,unknown,unknown,N,unknown,NA,W0237,V151510,W0237.2007,689,2011,-22.51,4.14,57,53.5,1.065420561,4,7.69
W0820,F,2011,W0820.2011,2007,4,NA,1,l,Sfem,0,unknown,unknown,N,unknown,NA,W0237,V151510,W0237.2007,647,2012,-22.998,4.26,62,55,1.127272727,4,4.79
W0825,F,2011,W0825.2011,2007,4,NA,1,l,Sfem,0,unknown,unknown,N,unknown,NA,W0425,V122608,W0425.2007,648,2012,-23.298,4.11,49.5,51,0.970588235,4,6.06
W0825,F,2011,W0825.2011,2007,4,NA,1,l,Sfem,0,unknown,unknown,N,unknown,NA,W0425,V122608,W0425.2007,648,2012,-23.298,4.11,49.5,51,0.970588235,4,6.06
W0825,F,2012,W0825.2012,2007,5,NA,1,l,Sfem,0,unknown,unknown,N,unknown,NA,W0425,V122608,W0425.2007,601,2013,-23.516,4.55,58,53,1.094339623,4,7.38
W0904,F,2011,W0904.2011,2008,3,NA,1,l,Sfem,0,unknown,unknown,N,unknown,NA,W0229,W0718,W0229.2008,649,2012,-22.848,4.99,63,52,1.211538462,4,4.39
W0904,F,2011,W0904.2011,2008,3,NA,1,l,Sfem,0,unknown,unknown,N,unknown,NA,W0229,W0718,W0229.2008,649,2012,-22.848,4.99,63,52,1.211538462,4,4.39
W1011,F,2012,W1011.2012,2009,3,NA,1,l,Sfem,0,unknown,unknown,N,unknown,NA,W0826,W0718,W0826.2009,604,2013,-22.876,5.02,55.5,53,1.047169811,5,4.34
W1011,F,2012,W1011.2012,2009,3,NA,1,l,Sfem,0,unknown,unknown,N,unknown,NA,W0826,W0718,W0826.2009,604,2013,-22.876,5.02,55.5,53,1.047169811,5,4.34
W1017,F,2012,W1017.2012,2009,3,NA,1,l,Sfem,0,unknown,unknown,N,unknown,NA,W0237,V434511,W0237.2009,605,2013,-23.036,4.73,64,55,1.163636364,4,4.93
W1017,F,2012,W1017.2012,2009,3,NA,1,l,Sfem,0,unknown,unknown,N,unknown,NA,W0237,V434511,W0237.2009,605,2013,-23.036,4.73,64,55,1.163636364,4,4.93
W1110,F,2014,W1110.2014,2010,4,NA,1,l,Sfem,0,unknown,unknown,N,unknown,NA,W0326,UNKNOWN22,W0326.2010,722,2015,-23.102,4.67,62.2,52.5,1.184761905,4,4.7
W1110,F,2015,W1110.2015,2010,5,NA,1,l,Sfem,0,unknown,unknown,N,unknown,NA,W0326,UNKNOWN22,W0326.2010,716,2016,-23.31,4.94,82.5,56,1.473214286,4,7.51
W1205,F,2014,W1205.2014,2011,3,NA,1,l,Sfem,0,unknown,unknown,N,unknown,NA,W0104,W9701,W0104.2011,719,2015,-23.442,5.42,74.5,55,1.354545455,4,6.26
W1206,F,2014,W1206.2014,2011,3,NA,1,l,Sfem,0,unknown,unknown,N,unknown,NA,W0104,V229012,W0104.2011,720,2015,-23.772,5.66,90.6,60,1.51,4,6.33
W1209,F,2015,W1209.2015,2011,4,NA,1,l,Sfem,0,unknown,unknown,N,unknown,NA,W0716,W0408,W0716.2011,570,2016,-23.25,4.56,55,52,1.057692308,4,8.57
W1304,F,2015,W1304.2015,2012,3,NA,1,l,Sfem,0,unknown,unknown,N,unknown,NA,W9403,UNKNOWN14,W9403.2012,573,2016,-23.32,4.75,48.8,49.5,0.985858586,4,7.32
W1305,F,2015,W1305.2015,2012,3,NA,1,l,Sfem,0,unknown,unknown,N,unknown,NA,W0303,V229513,W0303.2012,572,2016,-23.09,4.83,72,55,1.309090909,4,6.98
W8811,F,1998,W8811.1998,1978,20,NA,1,l,Sfem,0,unknown,unknown,N,unknown,NA,NA,NA,NA.1978,158,1999,-22.604,6.1,140,64,2.1875,4,3.414
W9208,F,1995,W9208.1995,1991,4,NA,1,l,Sfem,0,unknown,unknown,N,unknown,NA,W8808,W8503,W8808.1991,44,1996,-22.46,4.58,101,61.5,1.642276423,4,3.5316
W9307,F,1995,W9307.1995,1992,3,NA,1,l,Sfem,0,unknown,unknown,N,unknown,NA,W8906,UNKNOWN26,W8906.1992,46,1996,-22.83,4.47,70,55,1.272727273,4,3.7374
W9307,F,1996,W9307.1996,1992,4,NA,1,l,Sfem,0,unknown,unknown,N,unknown,NA,W8906,UNKNOWN26,W8906.1992,12,1997,-23.118,4.79,63,57,1.105263158,4,3.6394
W9310,F,1995,W9310.1995,1992,3,NA,1,l,Sfem,0,unknown,unknown,N,unknown,NA,W9308,W8807,W9308.1992,48,1996,-22.83,4.68,85,59,1.440677966,4,3.0612
W9403,F,1995,W9403.1995,1993,2,NA,1,l,Sfem,0,unknown,unknown,N,unknown,NA,W8808,W8607,W8808.1993,51,1996,-23.13,3.96,52,50,1.04,4,3.6002
W9403,F,1996,W9403.1996,1993,3,NA,1,l,Sfem,0,unknown,unknown,N,unknown,NA,W8808,W8607,W8808.1993,16,1997,-22.558,4.55,77,54,1.425925926,4,2.189
W9403,F,2003,W9403.2003,1993,10,NA,1,l,Sfem,0,unknown,unknown,N,unknown,NA,W8808,W8607,W8808.1993,369,2004,-22.884,4.7,105,61.5,1.707317073,6,2.9534
W9404,F,1995,W9404.1995,1993,2,NA,1,l,Sfem,0,unknown,unknown,N,unknown,NA,W9008,W9811,W9008.1993,52,1996,-22.67,3.73,68,53,1.283018868,4,3.1396
W9404,F,1996,W9404.1996,1993,3,NA,1,l,Sfem,0,unknown,unknown,N,unknown,NA,W9008,W9811,W9008.1993,17,1997,-22.868,4.23,83.5,56,1.491071429,6,2.6692
W9504,F,1996,W9504.1996,1994,2,NA,1,l,Sfem,0,unknown,unknown,N,unknown,NA,W9308,W8807,W9308.1994,18,1997,-22.798,4.8,76,NA,NA,6,3.4434
W9504,F,1996,W9504.1996,1994,2,NA,1,l,Sfem,0,unknown,unknown,N,unknown,NA,W9308,W8807,W9308.1994,18,1997,-22.798,4.8,76,NA,NA,6,3.4434
W9507,F,1996,W9507.1996,1994,2,NA,1,l,Sfem,0,unknown,unknown,N,unknown,NA,W8906,W8607,W8906.1994,21,1997,-22.718,4.36,43,44,0.977272727,4,3.2376
W9507,F,1997,W9507.1997,1994,3,NA,1,l,Sfem,0,unknown,unknown,N,unknown,NA,W8906,W8607,W8906.1994,134,1998,-22.726,4.37,65,54,1.203703704,4,2.7672
W9507,F,1998,W9507.1998,1994,4,NA,1,l,Sfem,0,unknown,unknown,N,unknown,NA,W8906,W8607,W8906.1994,164,1999,-22.444,4.74,82,59,1.389830508,4,3.3846
W9804,F,2000,W9804.2000,1997,3,NA,1,l,Sfem,0,unknown,unknown,N,unknown,NA,W9008,W9811,W9008.1997,243,2001,-22.64,4.3,71,54.5,1.302752294,4,4.5312
W9806,F,1998,W9806.1998,1996,2,NA,1,l,Sfem,0,unknown,unknown,N,unknown,NA,W0121,NA,W0121.1996,167,1999,-22.624,4.54,62,54,1.148148148,4,4.5312
W9806,F,1999,W9806.1999,1996,3,NA,1,l,Sfem,0,unknown,unknown,N,unknown,NA,W0121,NA,W0121.1996,224,2000,-22.542,4.86,NA,58,NA,4,9.8526
W9913,F,2001,W9913.2001,1998,3,NA,1,l,Sfem,0,unknown,unknown,N,unknown,NA,W9404,W9311,W9404.1998,276,2002,-22.558,4.47,90,57,1.578947368,4,4.345
W9914,F,2001,W9914.2001,1998,3,NA,1,l,Sfem,0,unknown,unknown,N,unknown,NA,W9404,W9311,W9404.1998,277,2002,-22.498,4.37,79,56,1.410714286,4,4.4528
W0405,F,2006,W0405.2006,2003,3,NA,1,l,Sfem,0,unknown,unknown,N,unknown,NA,W9007,W9916,W9007.2003,487,2007,-22.918,5.04,72,57.5,1.252173913,6,2.25
W0503,F,2008,W0503.2008,2004,4,W0503.2008,2,b,Wcubs,0,yes,0,P,litterloss,FV,W9806,W0233,W9806.2004,743,2009,-22.894,4.71,90,63,1.428571429,4,7.79
W0104,F,2005,W0104.2005,2000,5,W0104.2005,2,b,Wcubs,2,no,0,P,2.5,P,W9909,UNKNOWN01,W9909.2000,890,2006,-22.95,4.36,77,59,1.305084746,4,11.35
W0107,F,2006,W0107.2006,2000,6,W0107.2006,2,b,Wcubs,1,no,0,P,1.5,P,W9003,W0801,W9003.2000,903,2007,-22.798,4.75,85,65,1.307692308,4,8.71
W0209,F,2006,W0209.2006,2001,5,W0209.2006,2,b,Wcubs,3,no,0,P,1.5,P,W0109,W9701,W0109.2001,904,2007,-23.378,4.75,81,59,1.372881356,4,7.97
W0212,F,2006,W0212.2006,2001,5,W0212.2006,2,b,Wcubs,NA,yes,0,P,litterloss,P,W9307,W9701,W9307.2001,484,2007,-23.478,5.09,81,59,1.372881356,5,3.8158
W0234,F,2003,W0234.2003,1999,4,W0234.2003,2,b,Wcubs,3,no,0,P,1.5,P,NA,NA,NA.1999,386,2004,-23.314,4.15,74,56,1.321428571,4,3.463
W0236,F,2004,W0236.2004,1999,5,W0236.2004,2,b,Wcubs,1,no,0,P,1.5,P,V127808,NA,V127808.1999,427,2005,-23.062,3.64,91,59,1.542372881,4,5.1682
W9208,F,1996,W9208.1996,1991,5,W9208.1996,2,b,Wcubs,2,no,0,P,1.5,P,W8808,W8503,W8808.1991,11,1997,-22.858,5.37,99,59,1.677966102,4,3.6394
W0010,F,2005,W0010.2005,1999,6,W0010.2005,2,b,Wcubs,2,no,0,P,1.5,P,W9403,W9810,W9403.1999,889,2006,-23.55,4.37,83,60,1.383333333,4,8.1
W0411,F,2007,W0411.2007,2003,4,W0411.2007,2,b,Wcubs,1,unknown,0,P,unknown,P,W9307,W9701,W9307.2003,525,2008,-23.196,4.77,77,58,1.327586207,4,7.677
W0507,F,2008,W0507.2008,2004,4,W0507.2008,2,b,Wcubs,2,yes,0,P,litterloss,P,W8906,W0230,W8906.2004,744,2009,-22.464,4.39,96,63,1.523809524,4,7.54
W0605,F,2012,W0605.2012,2005,7,W0605.2012,2,b,Wcubs,2,no,0,P,2.5,P,W0229,UNKNOWN11,W0229.2005,588,2013,-23.196,4.63,72,57,1.263157895,4,8.18
W0610,F,2012,W0610.2012,2005,7,W0610.2012,2,b,Wcubs,NA,yes,0,P,litterloss,P,W0425,UNKNOWN03,W0425.2005,590,2013,-23.126,4.49,75,54,1.388888889,4,9.85
W0621,F,2010,W0621.2010,2005,5,W0621.2010,2,b,Wcubs,3,yes,0,P,litterloss,P,W9913,W0424,W9913.2005,676,2011,-22.87,4.57,83,60,1.383333333,4,7.05
W0623,F,2010,W0623.2010,2005,5,W0623.2010,2,b,Wcubs,2,no,0,P,1.5,P,W9914,W0102,W9914.2005,677,2011,-23.22,4.4,70,57,1.228070175,4,10.91
W1206,F,2015,W1206.2015,2011,4,W1206.2015,2,b,Wcubs,NA,yes,0,P,litterloss,P,W0104,V229012,W0104.2011,717,2016,-24.02,6.15,120,65,1.846153846,4,4.64
W9101,F,1996,W9101.1996,1990,6,W9101.1996,2,b,Wcubs,NA,yes,0,P,litterloss,P,W8906,W8607,W8906.1990,8,1997,-22.798,4.66,80,55,1.454545455,4,2.287
W9207,F,1995,W9207.1995,1991,4,W9207.1995,2,b,Wcubs,2,no,0,P,1.5,P,W8808,UNKNOWN26,W8808.1991,43,1996,-23.44,3.54,76,56,1.357142857,4,4.59
W9310,F,1997,W9310.1997,1992,5,W9310.1997,2,b,Wcubs,1,no,0,P,1.5,P,W9308,W8807,W9308.1992,130,1998,-22.546,3.99,90,62,1.451612903,4,3.365
W9403,F,1999,W9403.1999,1993,6,W9403.1999,2,b,Wcubs,2,no,0,P,1.5,P,W8808,W8607,W8808.1993,221,2000,-22.632,4.89,102,58,1.75862069,4,3.9432
W9504,F,1999,W9504.1999,1994,5,W9504.1999,2,b,Wcubs,3,no,0,P,2.5,P,W9308,W8807,W9308.1994,223,2000,-22.742,4.99,82,57,1.438596491,4,4.688
W9814,F,2003,W9814.2003,1997,6,W9814.2003,2,b,Wcubs,1,no,0,P,2.5,P,W9308,W8807,W9308.1997,373,2004,-22.854,3.84,87,61,1.426229508,4,3.806
W9913,F,2003,W9913.2003,1998,5,W9913.2003,2,b,Wcubs,2,no,0,P,1.5,P,W9404,W9311,W9404.1998,374,2004,-22.894,3.67,101,60,1.683333333,4,2.6986
W0626,F,2006,W0626.2006,2000,6,W0626.2005,3,s,Wcubs,2,yes,1,unknown,1.5,NA,NA,NA,NA.2000,500,2007,-23.158,4.6,68,57,1.192982456,5,3.0416
W0626,F,2005,W0626.2005,2000,5,W0626.2005,2,b,Wcubs,NA,no,0,M,1.5,O,NA,NA,NA.2000,477,2006,-23.23,4.44,76,57,1.333333333,6,4.2078
W0109,F,2001,W0109.2001,1994,7,W0109.2001,2,b,Wcubs,2,no,0,P,1.5,P,W0121,W9002,W0121.1994,285,2002,-22.748,3.81,76,57,1.333333333,4,4.8448
W0229,F,2005,W0229.2005,1998,7,W0229.2005,2,b,Wcubs,3,no,0,P,1.5,P,01WW09,W9921,01WW09.1998,891,2006,-22.96,4.34,89,60,1.483333333,4,8.82
W0237,F,2003,W0237.2003,1997,6,W0237.2003,2,b,Wcubs,2,no,0,P,1.5,P,NA,NA,NA.1997,874,2004,-22.954,3.82,93,61,1.524590164,4,6.57
W0004,F,1999,W0004.1999,1994,5,W0004.1999,2,b,Wcubs,NA,no,0,P,1.5,P,NA,W9002,NA.1994,234,2000,-22.652,4.62,95,59,1.610169492,4,5.0114
W0517,F,2006,W0517.2006,2001,5,W0517.2006,2,b,Wcubs,2,no,0,P,2.5,P,NA,NA,NA.2001,495,2007,-23.178,4.57,62,53.5,1.158878505,4,6.0698
W1203,F,2015,W1203.2015,2008,7,W1203.2015,2,b,Wcubs,3,no,0,P,1.5,P,NA,W9301,NA.2008,575,2016,-23.8,5.17,77.8,56.5,1.37699115,5,7.05
W9615,F,2002,W9615.2002,1995,7,W9615.2002,2,b,Wcubs,2,no,0,P,1.5,P,W8905,W9409,W8905.1995,329,2003,-22.586,4.35,92,58,1.586206897,4,4.5802
W9904,F,1998,W9904.1998,1994,4,W9904.1998,2,b,Wcubs,NA,yes,0,P,1.5,P,94S95,NA,94S95.1994,173,1999,-22.074,5.21,111,60,1.85,4,2.8456
W0425,F,2005,W0425.2005,2000,5,W0425.2005,2,b,Wcubs,2,no,0,M,1.5,TW,W0325,NA,W0325.2000,892,2006,-23.16,4.81,72,57,1.263157895,4,8.33
